-- MySQL dump 10.13  Distrib 9.3.0, for macos15.2 (arm64)
--
-- Host: localhost    Database: mks_finance_dw
-- ------------------------------------------------------
-- Server version	9.3.0

/*!40101 SET @OLD_CHARACTER_SET_CLIENT=@@CHARACTER_SET_CLIENT */;
/*!40101 SET @OLD_CHARACTER_SET_RESULTS=@@CHARACTER_SET_RESULTS */;
/*!40101 SET @OLD_COLLATION_CONNECTION=@@COLLATION_CONNECTION */;
/*!50503 SET NAMES utf8mb4 */;
/*!40103 SET @OLD_TIME_ZONE=@@TIME_ZONE */;
/*!40103 SET TIME_ZONE='+00:00' */;
/*!40014 SET @OLD_UNIQUE_CHECKS=@@UNIQUE_CHECKS, UNIQUE_CHECKS=0 */;
/*!40014 SET @OLD_FOREIGN_KEY_CHECKS=@@FOREIGN_KEY_CHECKS, FOREIGN_KEY_CHECKS=0 */;
/*!40101 SET @OLD_SQL_MODE=@@SQL_MODE, SQL_MODE='NO_AUTO_VALUE_ON_ZERO' */;
/*!40111 SET @OLD_SQL_NOTES=@@SQL_NOTES, SQL_NOTES=0 */;

--
-- Table structure for table `credit_applications`
--

DROP TABLE IF EXISTS `credit_applications`;
/*!40101 SET @saved_cs_client     = @@character_set_client */;
/*!50503 SET character_set_client = utf8mb4 */;
CREATE TABLE `credit_applications` (
  `application_id` varchar(20) NOT NULL,
  `customer_id` varchar(20) NOT NULL,
  `application_date` datetime NOT NULL,
  `vehicle_type` enum('Motor','Mobil','Truk','Bus') NOT NULL,
  `vehicle_brand` varchar(50) NOT NULL,
  `vehicle_model` varchar(50) NOT NULL,
  `vehicle_year` int NOT NULL,
  `vehicle_price` decimal(15,2) NOT NULL,
  `down_payment` decimal(15,2) NOT NULL,
  `loan_amount` decimal(15,2) NOT NULL,
  `tenor_months` int NOT NULL,
  `interest_rate` decimal(5,2) NOT NULL,
  `monthly_installment` decimal(15,2) NOT NULL,
  `application_status` enum('Pending','Under Review','Approved','Rejected','Cancelled') NOT NULL,
  `approval_date` datetime DEFAULT NULL,
  `rejection_reason` text,
  `disbursement_date` date DEFAULT NULL,
  `first_installment_date` date DEFAULT NULL,
  `last_payment_date` date DEFAULT NULL,
  `outstanding_amount` decimal(15,2) DEFAULT NULL,
  `payment_status` enum('Current','Late','Default','Completed') DEFAULT 'Current',
  `collateral_status` enum('Held','Released') DEFAULT 'Held',
  `notes` text,
  `processed_by` varchar(50) DEFAULT NULL,
  `approved_by` varchar(50) DEFAULT NULL,
  `created_date` datetime NOT NULL,
  PRIMARY KEY (`application_id`),
  KEY `idx_application_customer` (`customer_id`),
  KEY `idx_application_status` (`application_status`),
  KEY `idx_application_date` (`application_date`),
  CONSTRAINT `credit_applications_ibfk_1` FOREIGN KEY (`customer_id`) REFERENCES `customers` (`customer_id`)
) ENGINE=InnoDB DEFAULT CHARSET=utf8mb4 COLLATE=utf8mb4_0900_ai_ci;
/*!40101 SET character_set_client = @saved_cs_client */;

--
-- Dumping data for table `credit_applications`
--

LOCK TABLES `credit_applications` WRITE;
/*!40000 ALTER TABLE `credit_applications` DISABLE KEYS */;
INSERT INTO `credit_applications` VALUES ('APP0363CDF04482','CUS16FCE5F3C71B','2024-02-24 08:02:27','Motor','Honda','PCX',2025,27385895.12,5737681.79,21648213.32,12,10.72,1910478.37,'Approved','2024-02-25 08:02:27',NULL,'2024-02-28','2024-03-29',NULL,0.00,'Completed','Held','Application processed for PCX 2025','STAFF017','MGR05','2025-12-19 08:02:27'),('APP05AF6FE8CB6E','CUS58543823277F','2024-01-02 08:02:27','Mobil','Daihatsu','Terios',2022,241592137.65,67898988.13,173693149.52,24,5.36,7648373.87,'Approved','2024-01-08 08:02:27',NULL,'2024-01-12','2024-02-11',NULL,5428924.44,'Current','Held','Application processed for Terios 2022','STAFF005','MGR04','2025-12-19 08:02:27'),('APP0ABF1F83AF28','CUSBA8D397B25C6','2025-02-24 08:02:27','Mobil','Daihatsu','Ayla',2023,143230704.09,31487603.86,111743100.22,24,7.64,5035366.82,'Approved','2025-03-03 08:02:27',NULL,'2025-03-11','2025-04-10',NULL,71460165.66,'Late','Held','Application processed for Ayla 2023','STAFF019','MGR04','2025-12-19 08:02:27'),('APP122B8AADFAD0','CUSC351AA8F8CDD','2025-04-07 08:02:27','Motor','Yamaha','Mio',2022,29803606.08,8540757.98,21262848.10,48,6.56,504791.90,'Pending',NULL,NULL,NULL,NULL,NULL,21262848.10,'Current','Held','Application processed for Mio 2022','STAFF004',NULL,'2025-12-19 08:02:27'),('APP12A544B45EF3','CUS7A3CCF0BB56B','2025-07-14 08:02:27','Mobil','Daihatsu','Terios',2025,200587149.30,51186333.84,149400815.46,12,11.84,13263027.23,'Pending',NULL,NULL,NULL,NULL,NULL,149400815.46,'Current','Held','Application processed for Terios 2025','STAFF007',NULL,'2025-12-19 08:02:27'),('APP1679124D8433','CUS3C5B1EAFE2B3','2024-03-14 08:02:27','Mobil','Honda','CR-V',2025,226079021.17,51100423.70,174978597.47,24,8.23,7932064.40,'Approved','2024-03-16 08:02:27',NULL,'2024-03-18','2024-04-17',NULL,16337309.42,'Current','Held','Application processed for CR-V 2025','STAFF008','MGR05','2025-12-19 08:02:27'),('APP1C3F8935AB5C','CUS5259A9237842','2024-09-12 08:02:27','Mobil','Honda','CR-V',2023,415256619.40,87235006.13,328021613.26,60,9.72,6924900.80,'Approved','2024-09-16 08:02:27',NULL,'2024-09-26','2024-10-26',NULL,237997902.91,'Current','Held','Application processed for CR-V 2023','STAFF004','MGR05','2025-12-19 08:02:27'),('APP1CF5E6F7B632','CUS20C4CC6B4E86','2024-09-12 08:02:27','Motor','Yamaha','Aerox',2023,21200642.22,5899318.76,15301323.46,60,5.11,289532.80,'Pending',NULL,NULL,NULL,NULL,NULL,15301323.46,'Current','Held','Application processed for Aerox 2023','STAFF015',NULL,'2025-12-19 08:02:27'),('APP215F9F16AD9E','CUS1887A02277D1','2025-07-05 08:02:27','Motor','Honda','Vario',2023,46701335.79,11669363.30,35031972.49,60,7.99,710082.05,'Approved','2025-07-09 08:02:27',NULL,'2025-07-11','2025-08-10',NULL,32191644.29,'Current','Held','Application processed for Vario 2023','STAFF002','MGR04','2025-12-19 08:02:27'),('APP2381C56BC146','CUSED50FD0DC636','2025-10-04 08:02:27','Mobil','Toyota','Fortuner',2024,344160505.57,78625628.07,265534877.50,60,7.50,5320423.87,'Pending',NULL,NULL,NULL,NULL,NULL,265534877.50,'Current','Held','Application processed for Fortuner 2024','STAFF005',NULL,'2025-12-19 08:02:27'),('APP255319D1345F','CUSC351AA8F8CDD','2025-09-17 08:02:27','Motor','Yamaha','NMAX',2022,44103609.57,11639672.59,32463936.98,24,6.13,1440742.40,'Rejected',NULL,'Verifikasi data gagal',NULL,NULL,NULL,32463936.98,'Current','Held','Application processed for NMAX 2022','STAFF016',NULL,'2025-12-19 08:02:27'),('APP2624F61292AA','CUS3D054B046BEC','2025-09-26 08:02:27','Motor','Honda','PCX',2024,44755259.30,10336411.88,34418847.43,24,10.12,1590086.41,'Under Review',NULL,NULL,NULL,NULL,NULL,34418847.43,'Current','Held','Application processed for PCX 2024','STAFF008',NULL,'2025-12-19 08:02:27'),('APP262B01B5432C','CUSA12D4BF615E2','2025-08-10 08:02:27','Motor','Honda','Beat',2024,26922555.30,6446205.73,20476349.57,12,8.03,1781482.53,'Under Review',NULL,NULL,NULL,NULL,NULL,20476349.57,'Current','Held','Application processed for Beat 2024','STAFF018',NULL,'2025-12-19 08:02:27'),('APP26F26F0BA2E1','CUS9A75BAE333F7','2025-11-19 08:02:27','Motor','Honda','Beat',2022,49766797.73,12989038.59,36777759.13,12,6.91,3180651.67,'Approved','2025-11-25 08:02:27',NULL,'2025-12-09','2026-01-08',NULL,36777759.13,'Current','Held','Application processed for Beat 2022','STAFF014','MGR05','2025-12-19 08:02:27'),('APP26FCC002BEB0','CUS5259A9237842','2024-12-19 08:02:27','Mobil','Daihatsu','Terios',2023,299901961.71,84045098.60,215856863.11,12,9.93,18970550.57,'Rejected',NULL,'Riwayat kredit buruk',NULL,NULL,NULL,215856863.11,'Current','Held','Application processed for Terios 2023','STAFF004',NULL,'2025-12-19 08:02:27'),('APP29F3E0FC2EA7','CUS83595415FB85','2025-04-03 08:02:27','Motor','Yamaha','R15',2023,34564110.44,8070986.18,26493124.26,60,7.93,536315.30,'Approved','2025-04-07 08:02:27',NULL,'2025-04-08','2025-05-08',NULL,22738917.19,'Current','Held','Application processed for R15 2023','STAFF001','MGR04','2025-12-19 08:02:27'),('APP361937BC3078','CUS123A9D270334','2025-05-29 08:02:27','Motor','Honda','Beat',2025,25304984.68,5357117.32,19947867.36,12,10.05,1754226.38,'Approved','2025-06-03 08:02:27',NULL,'2025-06-13','2025-07-13',NULL,11176735.49,'Late','Held','Application processed for Beat 2025','STAFF019','MGR01','2025-12-19 08:02:27'),('APP3A5FDA6A8ADE','CUS2645FF1C43FB','2024-02-04 08:02:27','Mobil','Honda','CR-V',2024,317789009.54,76024288.94,241764720.60,48,9.18,6036559.06,'Approved','2024-02-06 08:02:27',NULL,'2024-02-17','2024-03-18',NULL,114996980.26,'Current','Held','Application processed for CR-V 2024','STAFF005','MGR04','2025-12-19 08:02:27'),('APP3BCDAD3F3757','CUSBA8D397B25C6','2024-01-10 08:02:27','Motor','Honda','CBR150',2024,49720541.13,12283674.41,37436866.72,60,11.00,813966.29,'Under Review',NULL,NULL,NULL,NULL,NULL,37436866.72,'Current','Held','Application processed for CBR150 2024','STAFF002',NULL,'2025-12-19 08:02:27'),('APP3C2A058C6B95','CUSA27BE4E87450','2024-06-08 08:02:27','Motor','Yamaha','Mio',2023,24378922.91,7195882.13,17183040.78,60,8.35,351267.69,'Under Review',NULL,NULL,NULL,NULL,NULL,17183040.78,'Current','Held','Application processed for Mio 2023','STAFF006',NULL,'2025-12-19 08:02:27'),('APP42172538FC4B','CUSCDCAEEA802AA','2024-05-19 08:02:27','Motor','Honda','CBR150',2024,37335987.06,8356167.62,28979819.44,12,9.75,2544353.03,'Approved','2024-05-21 08:02:27',NULL,'2024-06-03','2024-07-03',NULL,0.00,'Completed','Held','Application processed for CBR150 2024','STAFF018','MGR04','2025-12-19 08:02:27'),('APP45E0A5F34CA3','CUS636B863EF85C','2025-04-27 08:02:27','Mobil','Honda','Brio',2024,510571302.80,117114740.99,393456561.81,24,7.28,17666719.25,'Rejected',NULL,'Income tidak mencukupi',NULL,NULL,NULL,393456561.81,'Current','Held','Application processed for Brio 2024','STAFF005',NULL,'2025-12-19 08:02:27'),('APP47D99BFBD3B9','CUSA210376FBD81','2024-10-22 08:02:27','Motor','Honda','PCX',2024,15656345.27,4020327.73,11636017.54,36,6.02,354090.31,'Approved','2024-10-29 08:02:27',NULL,'2024-11-10','2024-12-10',NULL,7386933.79,'Current','Held','Application processed for PCX 2024','STAFF003','MGR02','2025-12-19 08:02:27'),('APP495845505095','CUS49BEBA84F5E7','2024-10-11 08:02:27','Mobil','Toyota','Fortuner',2022,203807542.17,55408615.82,148398926.35,12,6.51,12807271.35,'Approved','2024-10-14 08:02:27',NULL,'2024-10-18','2024-11-17',NULL,0.00,'Completed','Held','Application processed for Fortuner 2022','STAFF019','MGR03','2025-12-19 08:02:27'),('APP49C44FDB73C1','CUSF3029AF56817','2025-11-01 08:02:27','Motor','Honda','Beat',2022,48903948.32,11150538.99,37753409.33,60,5.46,720361.68,'Approved','2025-11-05 08:02:27',NULL,'2025-11-19','2025-12-19',NULL,37753409.33,'Current','Held','Application processed for Beat 2022','STAFF001','MGR01','2025-12-19 08:02:27'),('APP4C2B9DFF6B6B','CUS3AC9C3C6E8E9','2024-11-05 08:02:27','Motor','Honda','Vario',2023,29551432.43,7827532.33,21723900.11,12,7.15,1881243.40,'Under Review',NULL,NULL,NULL,NULL,NULL,21723900.11,'Current','Held','Application processed for Vario 2023','STAFF003',NULL,'2025-12-19 08:02:27'),('APP4D45F3079E61','CUS3938ABA1B133','2025-08-30 08:02:27','Motor','Yamaha','Aerox',2022,33413939.70,8809591.99,24604347.71,60,5.61,471269.29,'Approved','2025-08-31 08:02:27',NULL,'2025-09-06','2025-10-06',NULL,23661809.13,'Current','Held','Application processed for Aerox 2022','STAFF001','MGR03','2025-12-19 08:02:27'),('APP4ED6157CAFA2','CUSDB66C9105C3E','2025-08-13 08:02:27','Motor','Honda','CBR150',2024,38065660.55,11042142.21,27023518.34,36,9.05,860024.41,'Approved','2025-08-18 08:02:27',NULL,'2025-08-30','2025-09-29',NULL,25303469.53,'Current','Held','Application processed for CBR150 2024','STAFF004','MGR04','2025-12-19 08:02:27'),('APP5006D76397AE','CUS651FC39F048D','2025-10-25 08:02:27','Mobil','Toyota','Innova',2024,411612423.72,114113008.91,297499414.81,48,7.35,7172262.62,'Approved','2025-10-31 08:02:27',NULL,'2025-11-13','2025-12-13',NULL,297499414.81,'Current','Held','Application processed for Innova 2024','STAFF009','MGR05','2025-12-19 08:02:27'),('APP51ACEF8F9F9A','CUSF481666477BF','2024-02-10 08:02:27','Motor','Yamaha','Mio',2024,42603021.87,12233842.99,30369178.88,48,5.16,701519.92,'Under Review',NULL,NULL,NULL,NULL,NULL,30369178.88,'Current','Held','Application processed for Mio 2024','STAFF011',NULL,'2025-12-19 08:02:27'),('APP570F9D60AD5E','CUSACF91B313883','2025-05-23 08:02:27','Mobil','Toyota','Innova',2024,624422660.00,179275904.96,445146755.05,36,8.49,14050667.98,'Pending',NULL,NULL,NULL,NULL,NULL,445146755.05,'Current','Held','Application processed for Innova 2024','STAFF002',NULL,'2025-12-19 08:02:27'),('APP650AE96BDB18','CUS3D054B046BEC','2024-10-13 08:02:27','Mobil','Honda','Jazz',2025,547424109.98,128281715.83,419142394.15,48,7.53,10140475.82,'Approved','2024-10-14 08:02:27',NULL,'2024-10-19','2024-11-18',NULL,287316208.53,'Late','Held','Application processed for Jazz 2025','STAFF018','MGR04','2025-12-19 08:02:27'),('APP664143A26598','CUS83799585F33E','2024-02-18 08:02:27','Mobil','Toyota','Avanza',2022,796384684.36,231782147.40,564602536.96,36,7.84,17650013.77,'Approved','2024-02-25 08:02:27',NULL,'2024-03-07','2024-04-06',NULL,211602261.61,'Current','Held','Application processed for Avanza 2022','STAFF009','MGR02','2025-12-19 08:02:27'),('APP6B551050FF3B','CUS1887A02277D1','2025-10-13 08:02:27','Mobil','Toyota','Avanza',2024,521157886.97,130894045.67,390263841.30,12,5.62,33520424.53,'Approved','2025-10-18 08:02:27',NULL,'2025-10-25','2025-11-24',NULL,390263841.30,'Current','Held','Application processed for Avanza 2024','STAFF002','MGR01','2025-12-19 08:02:27'),('APP6CB04B05E8AE','CUS66517485D27D','2024-06-08 08:02:27','Motor','Yamaha','Mio',2022,34819791.98,7653541.55,27166250.43,24,7.50,1222409.26,'Approved','2024-06-15 08:02:27',NULL,'2024-06-20','2024-07-20',NULL,6385293.04,'Current','Held','Application processed for Mio 2022','STAFF012','MGR01','2025-12-19 08:02:27'),('APP6E2ED89887FD','CUS66517485D27D','2025-11-17 08:02:27','Motor','Yamaha','Aerox',2025,41865167.58,10266010.69,31599156.89,60,11.20,690155.30,'Approved','2025-11-23 08:02:27',NULL,'2025-11-27','2025-12-27',NULL,31599156.89,'Current','Held','Application processed for Aerox 2025','STAFF016','MGR04','2025-12-19 08:02:27'),('APP7222F85B2CFB','CUS6E88A55FA437','2025-02-25 08:02:27','Mobil','Honda','Brio',2022,345039917.89,83120459.89,261919458.00,60,6.46,5119613.73,'Approved','2025-02-27 08:02:27',NULL,'2025-03-08','2025-04-07',NULL,220962548.15,'Current','Held','Application processed for Brio 2022','STAFF012','MGR04','2025-12-19 08:02:27'),('APP74CD4B8286D0','CUS798B19B0F316','2024-08-20 08:02:27','Mobil','Daihatsu','Terios',2022,221975460.57,55950389.04,166025071.52,12,5.37,14241109.56,'Under Review',NULL,NULL,NULL,NULL,NULL,166025071.52,'Current','Held','Application processed for Terios 2022','STAFF012',NULL,'2025-12-19 08:02:27'),('APP74EC8DBA5954','CUSCE099CC91E24','2024-02-08 08:02:27','Motor','Honda','PCX',2023,17432660.23,4895156.98,12537503.25,48,11.94,329816.59,'Approved','2024-02-12 08:02:27',NULL,'2024-02-20','2024-03-21',NULL,5611354.94,'Current','Held','Application processed for PCX 2023','STAFF012','MGR03','2025-12-19 08:02:27'),('APP755A84F1F2BC','CUS335EB6D6803D','2025-08-03 08:02:27','Mobil','Daihatsu','Xenia',2024,166715855.69,38730134.77,127985720.92,12,6.38,11037716.67,'Approved','2025-08-07 08:02:27',NULL,'2025-08-13','2025-09-12',NULL,94872570.91,'Current','Held','Application processed for Xenia 2024','STAFF006','MGR02','2025-12-19 08:02:27'),('APP766C16037CBF','CUS549D65123F79','2024-05-21 08:02:27','Mobil','Toyota','Fortuner',2024,399253478.60,101781031.97,297472446.63,36,7.32,9228155.89,'Approved','2024-05-27 08:02:27',NULL,'2024-05-30','2024-06-29',NULL,140593796.48,'Current','Held','Application processed for Fortuner 2024','STAFF019','MGR05','2025-12-19 08:02:27'),('APP76FF0C0FB812','CUS4C9A7079338C','2025-08-06 08:02:27','Motor','Yamaha','NMAX',2023,29913938.06,7175251.84,22738686.22,36,5.02,681713.90,'Pending',NULL,NULL,NULL,NULL,NULL,22738686.22,'Current','Held','Application processed for NMAX 2023','STAFF015',NULL,'2025-12-19 08:02:27'),('APP7B770508FEC7','CUS021517F4204F','2024-06-23 08:02:27','Mobil','Daihatsu','Terios',2024,335930857.55,98089688.60,237841168.95,48,6.41,5630395.00,'Approved','2024-06-30 08:02:27',NULL,'2024-07-12','2024-08-11',NULL,147754848.88,'Current','Held','Application processed for Terios 2024','STAFF008','MGR02','2025-12-19 08:02:27'),('APP7E29B72128BC','CUSBA8D397B25C6','2025-05-07 08:02:27','Motor','Yamaha','R15',2024,28371876.78,8098664.54,20273212.25,36,11.66,670091.94,'Rejected',NULL,'Verifikasi data gagal',NULL,NULL,NULL,20273212.25,'Current','Held','Application processed for R15 2024','STAFF017',NULL,'2025-12-19 08:02:27'),('APP7F326F75A605','CUSEF2754433D3C','2025-06-10 08:02:27','Mobil','Honda','CR-V',2024,245487965.53,66214843.44,179273122.09,60,9.17,3735893.63,'Approved','2025-06-11 08:02:27',NULL,'2025-06-17','2025-07-17',NULL,160593653.95,'Current','Held','Application processed for CR-V 2024','STAFF018','MGR02','2025-12-19 08:02:27'),('APP7FDC21BF43E2','CUSAD68C3F33790','2025-12-03 08:02:27','Motor','Yamaha','NMAX',2024,25353319.61,7424769.89,17928549.72,36,6.30,547861.66,'Approved','2025-12-09 08:02:27',NULL,'2025-12-22','2026-01-21',NULL,17928549.72,'Current','Held','Application processed for NMAX 2024','STAFF014','MGR03','2025-12-19 08:02:27'),('APP8026020E544B','CUSF51CDCAE72A0','2025-10-02 08:02:27','Motor','Yamaha','NMAX',2023,33805741.23,7573998.52,26231742.71,12,10.96,2317957.53,'Cancelled',NULL,NULL,NULL,NULL,NULL,26231742.71,'Current','Held','Application processed for NMAX 2023','STAFF015',NULL,'2025-12-19 08:02:27'),('APP8056A876339B','CUS751A3901FF5F','2025-04-19 08:02:27','Motor','Yamaha','R15',2025,25355709.03,5936491.90,19419217.13,60,5.73,372993.76,'Pending',NULL,NULL,NULL,NULL,NULL,19419217.13,'Current','Held','Application processed for R15 2025','STAFF007',NULL,'2025-12-19 08:02:27'),('APP80C2FABC6418','CUS188DDCAA1454','2024-09-19 08:02:27','Motor','Yamaha','R15',2022,42449527.26,8655703.31,33793823.95,12,10.22,2974420.83,'Approved','2024-09-26 08:02:27',NULL,'2024-10-09','2024-11-08',NULL,0.00,'Completed','Held','Application processed for R15 2022','STAFF016','MGR01','2025-12-19 08:02:27'),('APP81ECB3412399','CUSF3029AF56817','2025-06-01 08:02:27','Mobil','Honda','Jazz',2022,367633404.59,99739600.64,267893803.95,48,9.55,6736594.87,'Pending',NULL,NULL,NULL,NULL,NULL,267893803.95,'Current','Held','Application processed for Jazz 2022','STAFF003',NULL,'2025-12-19 08:02:27'),('APP83D27769858E','CUS83595415FB85','2024-07-16 08:02:27','Motor','Yamaha','R15',2022,15101459.18,4154798.52,10946660.66,36,11.17,359284.88,'Pending',NULL,NULL,NULL,NULL,NULL,10946660.66,'Current','Held','Application processed for R15 2022','STAFF020',NULL,'2025-12-19 08:02:27'),('APP86FDB4E0A2FB','CUSB99028A2BD49','2025-05-09 08:02:27','Motor','Yamaha','Mio',2024,27276535.03,6726354.10,20550180.93,12,10.88,1815088.43,'Approved','2025-05-16 08:02:27',NULL,'2025-05-19','2025-06-18',NULL,9659650.37,'Late','Held','Application processed for Mio 2024','STAFF014','MGR04','2025-12-19 08:02:27'),('APP880A51575F79','CUSA701C65C5540','2025-09-11 08:02:27','Motor','Yamaha','Aerox',2023,32755829.58,9462123.60,23293705.98,60,10.09,495899.99,'Approved','2025-09-13 08:02:27',NULL,'2025-09-16','2025-10-16',NULL,22301905.99,'Current','Held','Application processed for Aerox 2023','STAFF008','MGR02','2025-12-19 08:02:27'),('APP8834C513D2A9','CUS3938ABA1B133','2024-09-10 08:02:27','Motor','Honda','Beat',2022,24771679.18,5542006.25,19229672.93,36,10.82,627873.99,'Approved','2024-09-13 08:02:27',NULL,'2024-09-19','2024-10-19',NULL,10439437.06,'Late','Held','Application processed for Beat 2022','STAFF004','MGR02','2025-12-19 08:02:27'),('APP88A6EFFC2FD5','CUS61E9F4C4401F','2024-01-20 08:02:27','Mobil','Honda','Jazz',2023,401482243.21,86014846.67,315467396.55,48,7.35,7605649.15,'Cancelled',NULL,NULL,NULL,NULL,NULL,315467396.55,'Current','Held','Application processed for Jazz 2023','STAFF001',NULL,'2025-12-19 08:02:27'),('APP8F4507C52280','CUS848597DB8F38','2024-02-01 08:02:27','Motor','Honda','Beat',2025,45766915.95,12151578.81,33615337.14,48,11.12,870795.69,'Rejected',NULL,'Dokumen tidak lengkap',NULL,NULL,NULL,33615337.14,'Current','Held','Application processed for Beat 2025','STAFF020',NULL,'2025-12-19 08:02:27'),('APP91AC1E7390DF','CUS3EC048C340B3','2025-11-15 08:02:27','Mobil','Daihatsu','Ayla',2023,336694227.18,75092640.56,261601586.62,12,11.12,23135223.99,'Under Review',NULL,NULL,NULL,NULL,NULL,261601586.62,'Current','Held','Application processed for Ayla 2023','STAFF018',NULL,'2025-12-19 08:02:27'),('APP94B1C0933C45','CUS073CD8DD1C87','2025-04-12 08:02:27','Motor','Yamaha','Aerox',2025,30342530.30,6420739.55,23921790.75,24,11.98,1125865.33,'Approved','2025-04-16 08:02:27',NULL,'2025-04-23','2025-05-23',NULL,16040733.43,'Current','Held','Application processed for Aerox 2025','STAFF003','MGR02','2025-12-19 08:02:27'),('APP9740A1AA21A0','CUS3EC048C340B3','2023-12-20 08:02:27','Mobil','Honda','CR-V',2023,312011257.90,67060629.40,244950628.50,24,11.85,11513876.68,'Approved','2023-12-24 08:02:27',NULL,'2023-12-26','2024-01-25',NULL,0.00,'Completed','Held','Application processed for CR-V 2023','STAFF006','MGR05','2025-12-19 08:02:27'),('APP977E51D8FF0A','CUS123A9D270334','2024-04-07 08:02:27','Motor','Yamaha','Aerox',2024,30978108.36,8393912.19,22584196.17,60,8.98,468639.67,'Approved','2024-04-12 08:02:27',NULL,'2024-04-26','2024-05-26',NULL,13680042.52,'Current','Held','Application processed for Aerox 2024','STAFF003','MGR01','2025-12-19 08:02:27'),('APP9A886571F33D','CUSC782F64628DA','2025-05-21 08:02:27','Mobil','Toyota','Innova',2022,693439392.93,153174079.78,540265313.15,48,7.77,13130921.01,'Approved','2025-05-24 08:02:27',NULL,'2025-06-05','2025-07-05',NULL,474610708.11,'Current','Held','Application processed for Innova 2022','STAFF008','MGR01','2025-12-19 08:02:27'),('APPA37AF9FACABD','CUSCDCAEEA802AA','2024-01-30 08:02:27','Mobil','Daihatsu','Xenia',2022,151278992.58,42348963.15,108930029.43,12,7.05,9427649.60,'Under Review',NULL,NULL,NULL,NULL,NULL,108930029.43,'Current','Held','Application processed for Xenia 2022','STAFF010',NULL,'2025-12-19 08:02:27'),('APPA839C64DFEA3','CUSCDCAEEA802AA','2024-09-12 08:02:27','Mobil','Honda','Brio',2023,249335218.68,50305087.46,199030131.22,60,9.93,4221983.70,'Approved','2024-09-18 08:02:27',NULL,'2024-09-20','2024-10-20',NULL,139922359.43,'Current','Held','Application processed for Brio 2023','STAFF010','MGR04','2025-12-19 08:02:27'),('APPA85920CFE6EE','CUS5F8800F1022B','2024-04-27 08:02:27','Motor','Honda','CBR150',2022,28853861.46,6184143.58,22669717.88,36,11.77,750438.57,'Approved','2024-04-29 08:02:27',NULL,'2024-05-08','2024-06-07',NULL,9161823.69,'Current','Held','Application processed for CBR150 2022','STAFF016','MGR05','2025-12-19 08:02:27'),('APPAA10A3A6E887','CUS2B2A48E98403','2024-09-16 08:02:27','Motor','Honda','Beat',2022,46778752.98,12977482.97,33801270.01,60,6.49,661150.63,'Under Review',NULL,NULL,NULL,NULL,NULL,33801270.01,'Current','Held','Application processed for Beat 2022','STAFF003',NULL,'2025-12-19 08:02:27'),('APPAA577EF9DA6E','CUSDEE78C719F3A','2025-07-02 08:02:27','Mobil','Daihatsu','Xenia',2025,136778127.77,36633249.82,100144877.95,24,6.02,4439515.34,'Rejected',NULL,'Dokumen tidak lengkap',NULL,NULL,NULL,100144877.95,'Current','Held','Application processed for Xenia 2025','STAFF001',NULL,'2025-12-19 08:02:27'),('APPAACDE28834ED','CUS9EBB5C2EB2D6','2024-10-19 08:02:27','Motor','Yamaha','R15',2025,39516755.16,8898157.12,30618598.04,48,7.83,745084.30,'Pending',NULL,NULL,NULL,NULL,NULL,30618598.04,'Current','Held','Application processed for R15 2025','STAFF011',NULL,'2025-12-19 08:02:27'),('APPAF4163D0FB3D','CUSC448023B6447','2024-12-26 08:02:27','Mobil','Honda','Jazz',2024,189873400.63,42384982.86,147488417.76,12,7.14,12771398.57,'Approved','2025-01-01 08:02:27',NULL,'2025-01-04','2025-02-03',NULL,19774432.02,'Late','Held','Application processed for Jazz 2024','STAFF018','MGR03','2025-12-19 08:02:27'),('APPAFF2722B4CB5','CUSCFB955705401','2025-06-30 08:02:27','Motor','Yamaha','Mio',2024,36807070.01,7379251.55,29427818.47,48,11.89,773404.28,'Approved','2025-07-06 08:02:27',NULL,'2025-07-18','2025-08-17',NULL,26334201.36,'Current','Held','Application processed for Mio 2024','STAFF014','MGR04','2025-12-19 08:02:27'),('APPB02BDB07BEA7','CUSB79EF84813A0','2025-01-03 08:02:27','Mobil','Honda','CR-V',2025,271143168.27,66817185.00,204325983.27,24,10.84,9507904.43,'Approved','2025-01-04 08:02:27',NULL,'2025-01-17','2025-02-16',NULL,109246938.92,'Current','Held','Application processed for CR-V 2025','STAFF010','MGR05','2025-12-19 08:02:27'),('APPB1594D185210','CUS335A05E79000','2025-06-13 08:02:27','Mobil','Toyota','Fortuner',2024,714881058.29,206033424.97,508847633.32,36,5.58,15382563.40,'Under Review',NULL,NULL,NULL,NULL,NULL,508847633.32,'Current','Held','Application processed for Fortuner 2024','STAFF011',NULL,'2025-12-19 08:02:27'),('APPB24C850CA9D4','CUSB32C0179D33D','2024-05-30 08:02:27','Motor','Honda','CBR150',2023,29371043.08,8333955.76,21037087.32,60,11.87,466546.03,'Pending',NULL,NULL,NULL,NULL,NULL,21037087.32,'Current','Held','Application processed for CBR150 2023','STAFF019',NULL,'2025-12-19 08:02:27'),('APPB3CBE531D68A','CUSC699E921FAB9','2024-07-18 08:02:27','Motor','Honda','Beat',2025,40826132.37,10823164.44,30002967.93,36,5.68,908425.08,'Approved','2024-07-20 08:02:27',NULL,'2024-07-24','2024-08-23',NULL,15468166.59,'Current','Held','Application processed for Beat 2025','STAFF002','MGR03','2025-12-19 08:02:27'),('APPB431D738083D','CUS2641E9D1D23C','2025-01-07 08:02:27','Mobil','Daihatsu','Xenia',2023,302599692.34,79476922.45,223122769.90,60,7.23,4442047.88,'Approved','2025-01-14 08:02:27',NULL,'2025-01-27','2025-02-26',NULL,183144338.95,'Current','Held','Application processed for Xenia 2023','STAFF001','MGR02','2025-12-19 08:02:27'),('APPB846A183B33A','CUS4D45D7C6F032','2025-05-06 08:02:27','Mobil','Toyota','Innova',2022,526481465.51,142839134.87,383642330.64,24,9.70,17650169.93,'Under Review',NULL,NULL,NULL,NULL,NULL,383642330.64,'Current','Held','Application processed for Innova 2022','STAFF018',NULL,'2025-12-19 08:02:27'),('APPB95E4B64C5FC','CUS0CE8764484BD','2024-02-19 08:02:27','Motor','Honda','Vario',2025,48105601.52,14342839.50,33762762.03,12,5.12,2892147.07,'Approved','2024-02-25 08:02:27',NULL,'2024-03-03','2024-04-02',NULL,0.00,'Completed','Held','Application processed for Vario 2025','STAFF015','MGR01','2025-12-19 08:02:27'),('APPBAF208439C0B','CUS2641E9D1D23C','2024-09-04 08:02:27','Mobil','Toyota','Avanza',2022,626737756.59,131048079.29,495689677.30,48,8.73,12271339.60,'Approved','2024-09-06 08:02:27',NULL,'2024-09-07','2024-10-07',NULL,323890922.92,'Current','Held','Application processed for Avanza 2022','STAFF007','MGR05','2025-12-19 08:02:27'),('APPC227A4F2B258','CUSECB23B7ED9A7','2024-05-06 08:02:27','Mobil','Daihatsu','Terios',2024,185923155.26,48597678.42,137325476.84,48,5.67,3204211.96,'Approved','2024-05-08 08:02:27',NULL,'2024-05-10','2024-06-09',NULL,79649661.56,'Late','Held','Application processed for Terios 2024','STAFF003','MGR03','2025-12-19 08:02:27'),('APPC6E589824AEF','CUS651FC39F048D','2025-06-24 08:02:27','Mobil','Daihatsu','Ayla',2025,303380756.53,79593244.92,223787511.61,60,8.50,4591504.89,'Pending',NULL,NULL,NULL,NULL,NULL,223787511.61,'Current','Held','Application processed for Ayla 2025','STAFF011',NULL,'2025-12-19 08:02:27'),('APPCA75AC0B6602','CUS1A9278AB91BA','2024-01-16 08:02:27','Mobil','Toyota','Fortuner',2022,710306009.70,144341669.65,565964340.05,36,9.47,18121563.26,'Under Review',NULL,NULL,NULL,NULL,NULL,565964340.05,'Current','Held','Application processed for Fortuner 2022','STAFF003',NULL,'2025-12-19 08:02:27'),('APPCAD56744ED00','CUS6A0221084080','2024-03-03 08:02:27','Motor','Yamaha','Mio',2025,38886050.73,10221468.44,28664582.29,24,8.21,1299162.93,'Approved','2024-03-10 08:02:27',NULL,'2024-03-21','2024-04-20',NULL,2681323.75,'Current','Held','Application processed for Mio 2025','STAFF006','MGR01','2025-12-19 08:02:27'),('APPCDD48C36E2F9','CUSDEE78C719F3A','2025-10-13 08:02:27','Motor','Honda','Vario',2022,21393675.06,4816346.78,16577328.28,48,9.78,418717.89,'Approved','2025-10-16 08:02:27',NULL,'2025-10-28','2025-11-27',NULL,16577328.28,'Current','Held','Application processed for Vario 2022','STAFF001','MGR02','2025-12-19 08:02:27'),('APPCDD8E952A6EF','CUS73E840F5AF3D','2024-04-18 08:02:27','Mobil','Honda','Jazz',2022,272620824.40,76469962.73,196150861.67,36,8.69,6209241.36,'Approved','2024-04-21 08:02:27',NULL,'2024-04-29','2024-05-29',NULL,84384517.14,'Current','Held','Application processed for Jazz 2022','STAFF001','MGR02','2025-12-19 08:02:27'),('APPCF5776EE6493','CUS5DA8FB635C38','2025-10-04 08:02:27','Mobil','Toyota','Innova',2024,257343127.32,61880705.64,195462421.68,24,6.20,8680282.25,'Pending',NULL,NULL,NULL,NULL,NULL,195462421.68,'Current','Held','Application processed for Innova 2024','STAFF012',NULL,'2025-12-19 08:02:27'),('APPD62C1E2DC040','CUS61E9F4C4401F','2024-08-31 08:02:27','Motor','Honda','CBR150',2023,49709958.63,11866771.92,37843186.71,36,9.60,1213915.67,'Approved','2024-09-01 08:02:27',NULL,'2024-09-04','2024-10-04',NULL,20848367.36,'Current','Held','Application processed for CBR150 2023','STAFF015','MGR05','2025-12-19 08:02:27'),('APPD7C489C87808','CUSC351AA8F8CDD','2024-06-17 08:02:27','Motor','Honda','PCX',2025,36100094.15,10688543.54,25411550.62,24,6.01,1126380.70,'Approved','2024-06-19 08:02:27',NULL,'2024-06-23','2024-07-23',NULL,6263078.72,'Current','Held','Application processed for PCX 2025','STAFF018','MGR04','2025-12-19 08:02:27'),('APPDD9A46DADF88','CUSED50FD0DC636','2025-01-17 08:02:27','Mobil','Toyota','Fortuner',2024,522050117.58,117780771.82,404269345.76,48,6.28,9546611.30,'Approved','2025-01-21 08:02:27',NULL,'2025-01-29','2025-02-28',NULL,318349844.10,'Current','Held','Application processed for Fortuner 2024','STAFF019','MGR01','2025-12-19 08:02:27'),('APPDE4F4434ACC7','CUS1887A02277D1','2024-02-10 08:02:27','Motor','Honda','CBR150',2025,36594365.52,10298974.29,26295391.22,12,7.45,2280690.47,'Approved','2024-02-15 08:02:27',NULL,'2024-02-26','2024-03-27',NULL,0.00,'Completed','Held','Application processed for CBR150 2025','STAFF010','MGR04','2025-12-19 08:02:27'),('APPE2BE1CC1AB56','CUSD6F2FE234C2A','2024-07-23 08:02:27','Motor','Honda','CBR150',2024,43314287.97,8968622.36,34345665.61,36,5.45,1036264.65,'Approved','2024-07-24 08:02:27',NULL,'2024-07-29','2024-08-28',NULL,18801695.83,'Current','Held','Application processed for CBR150 2024','STAFF004','MGR04','2025-12-19 08:02:27'),('APPE409C30B6741','CUS5259A9237842','2024-03-29 08:02:27','Motor','Yamaha','NMAX',2024,26875144.85,5947349.87,20927794.98,48,9.48,525547.66,'Approved','2024-03-30 08:02:27',NULL,'2024-04-10','2024-05-10',NULL,10942389.37,'Current','Held','Application processed for NMAX 2024','STAFF001','MGR03','2025-12-19 08:02:27'),('APPE62DCF495F9D','CUS188DDCAA1454','2025-10-16 08:02:27','Mobil','Honda','Brio',2025,342887106.18,80450119.04,262436987.15,12,11.82,23294934.46,'Pending',NULL,NULL,NULL,NULL,NULL,262436987.15,'Current','Held','Application processed for Brio 2025','STAFF003',NULL,'2025-12-19 08:02:27'),('APPE7B258210BE4','CUS848597DB8F38','2024-05-20 08:02:27','Motor','Yamaha','NMAX',2022,18714522.01,4812080.68,13902441.33,36,6.05,423248.53,'Under Review',NULL,NULL,NULL,NULL,NULL,13902441.33,'Current','Held','Application processed for NMAX 2022','STAFF004',NULL,'2025-12-19 08:02:27'),('APPE8A1C5F1F860','CUS5BF705CA22D5','2025-01-15 08:02:27','Mobil','Daihatsu','Ayla',2025,307291518.69,75075009.60,232216509.08,12,10.94,20516956.07,'Approved','2025-01-19 08:02:27',NULL,'2025-01-22','2025-02-21',NULL,27046948.34,'Current','Held','Application processed for Ayla 2025','STAFF008','MGR02','2025-12-19 08:02:27'),('APPEA9F8FBC2AD4','CUSA71FD85AACEC','2024-09-04 08:02:27','Motor','Yamaha','NMAX',2023,21975051.93,4822641.29,17152410.64,36,5.56,518417.75,'Approved','2024-09-07 08:02:27',NULL,'2024-09-11','2024-10-11',NULL,9894562.21,'Current','Held','Application processed for NMAX 2023','STAFF014','MGR02','2025-12-19 08:02:27'),('APPEB7F8CEB8CED','CUSB79EF84813A0','2024-03-09 08:02:27','Mobil','Daihatsu','Ayla',2025,198968546.16,43347086.73,155621459.44,60,11.85,3450227.13,'Approved','2024-03-13 08:02:27',NULL,'2024-03-18','2024-04-17',NULL,86616916.83,'Current','Held','Application processed for Ayla 2025','STAFF019','MGR05','2025-12-19 08:02:27'),('APPED8BC54D4E27','CUS9EBB5C2EB2D6','2024-03-14 08:02:27','Motor','Honda','Beat',2023,36002760.36,7291453.30,28711307.06,24,8.42,1304036.20,'Cancelled',NULL,NULL,NULL,NULL,NULL,28711307.06,'Current','Held','Application processed for Beat 2023','STAFF002',NULL,'2025-12-19 08:02:27'),('APPEF7D1C3BDA44','CUS7A3CCF0BB56B','2024-09-22 08:02:27','Motor','Yamaha','Mio',2023,20567199.49,4685390.82,15881808.66,48,9.37,398026.15,'Under Review',NULL,NULL,NULL,NULL,NULL,15881808.66,'Current','Held','Application processed for Mio 2023','STAFF006',NULL,'2025-12-19 08:02:27'),('APPF52ED0AED9A9','CUS83595415FB85','2025-09-17 08:02:27','Motor','Honda','PCX',2022,22173471.19,6592627.31,15580843.89,12,8.80,1361116.38,'Approved','2025-09-20 08:02:27',NULL,'2025-09-30','2025-10-30',NULL,14219727.50,'Current','Held','Application processed for PCX 2022','STAFF017','MGR05','2025-12-19 08:02:27'),('APPFB399846F3C5','CUS3EC048C340B3','2025-06-27 08:02:27','Motor','Honda','CBR150',2023,26593253.67,6669359.21,19923894.46,48,11.45,519300.23,'Approved','2025-07-02 08:02:27',NULL,'2025-07-08','2025-08-07',NULL,17846693.54,'Current','Held','Application processed for CBR150 2023','STAFF012','MGR05','2025-12-19 08:02:27'),('APPFC5A94E4044A','CUS123A9D270334','2024-12-16 08:02:27','Motor','Honda','CBR150',2023,31983453.34,8597315.42,23386137.92,48,8.42,575534.62,'Approved','2024-12-20 08:02:27',NULL,'2025-01-02','2025-02-01',NULL,17630791.71,'Current','Held','Application processed for CBR150 2023','STAFF010','MGR04','2025-12-19 08:02:27');
/*!40000 ALTER TABLE `credit_applications` ENABLE KEYS */;
UNLOCK TABLES;

--
-- Table structure for table `customers`
--

DROP TABLE IF EXISTS `customers`;
/*!40101 SET @saved_cs_client     = @@character_set_client */;
/*!50503 SET character_set_client = utf8mb4 */;
CREATE TABLE `customers` (
  `customer_id` varchar(20) NOT NULL,
  `nik` varchar(16) NOT NULL,
  `full_name` varchar(100) NOT NULL,
  `date_of_birth` date NOT NULL,
  `gender` enum('L','P') NOT NULL,
  `marital_status` enum('Single','Married','Divorced','Widowed') NOT NULL,
  `phone_number` varchar(15) NOT NULL,
  `email` varchar(100) DEFAULT NULL,
  `address` text NOT NULL,
  `city` varchar(50) NOT NULL,
  `province` varchar(50) NOT NULL,
  `postal_code` varchar(5) NOT NULL,
  `occupation` varchar(50) NOT NULL,
  `employer_name` varchar(100) DEFAULT NULL,
  `monthly_income` decimal(15,2) NOT NULL,
  `employment_status` enum('Permanent','Contract','Self-Employed','Freelance') NOT NULL,
  `years_of_employment` int DEFAULT NULL,
  `education_level` enum('SD','SMP','SMA','D3','S1','S2','S3') NOT NULL,
  `emergency_contact_name` varchar(100) NOT NULL,
  `emergency_contact_phone` varchar(15) NOT NULL,
  `emergency_contact_relation` varchar(30) NOT NULL,
  `credit_score` int DEFAULT NULL,
  `customer_segment` enum('Premium','Gold','Silver','Bronze') NOT NULL,
  `registration_date` datetime NOT NULL,
  `last_updated` datetime NOT NULL,
  `status` enum('Active','Inactive','Blacklisted') DEFAULT 'Active',
  `created_by` varchar(50) DEFAULT 'SYSTEM',
  `updated_by` varchar(50) DEFAULT 'SYSTEM',
  PRIMARY KEY (`customer_id`),
  UNIQUE KEY `nik` (`nik`),
  KEY `idx_customer_nik` (`nik`),
  KEY `idx_customer_status` (`status`),
  KEY `idx_customer_segment` (`customer_segment`)
) ENGINE=InnoDB DEFAULT CHARSET=utf8mb4 COLLATE=utf8mb4_0900_ai_ci;
/*!40101 SET character_set_client = @saved_cs_client */;

--
-- Dumping data for table `customers`
--

LOCK TABLES `customers` WRITE;
/*!40000 ALTER TABLE `customers` DISABLE KEYS */;
INSERT INTO `customers` VALUES ('CUS021517F4204F','3182280504827755','Luis Lestari','1977-12-19','L','Married','081366368391','oni68@example.org','Jl. Yos Sudarso No. 533\nCilegon, LA 81802','Jakarta Selatan','DKI Jakarta','12190','Guru','PD Nashiruddin',12273134.00,'Self-Employed',4,'S1','Ir. Wirda Kuswoyo, S.T.','082212129205','Teman',756,'Silver','2024-09-28 08:02:26','2025-12-19 08:02:26','Active','SYSTEM','SYSTEM'),('CUS073CD8DD1C87','3329700209951466','Atma Riyanti','1974-10-27','L','Married','089544224473','ismailtarihoran@example.net','Jalan BKR No. 8\nSalatiga, JK 39658','Depok','Jawa Barat','16412','Wiraswasta',NULL,5847238.00,'Freelance',18,'D3','Cut Rini Kurniawan, M.Pd','085230346712','Suami',750,'Bronze','2025-03-05 08:02:27','2025-12-19 08:02:27','Active','SYSTEM','SYSTEM'),('CUS0C670D6A662C','3354662404969529','Hani Siregar, S.IP','1991-10-02','P','Widowed','089648007113','titi03@example.org','Jalan Asia Afrika No. 0\nSungai Penuh, Bali 59592','Depok','Jawa Barat','16412','Sales','PD Sihombing',23744317.00,'Contract',13,'S2','Alika Handayani','089521016902','Teman',898,'Gold','2022-12-31 08:02:27','2025-12-19 08:02:27','Active','SYSTEM','SYSTEM'),('CUS0CE8764484BD','3531453101772539','Jasmani Andriani','1979-06-02','L','Married','085247169521','jthamrin@example.net','Jl. Monginsidi No. 658\nTegal, YO 31005','Depok','Jawa Barat','16412','Karyawan Swasta','Perum Sihotang Manullang (Persero) Tbk',15585897.00,'Permanent',19,'S1','Diah Wastuti, M.Kom.','081228307721','Ibu',842,'Silver','2025-09-06 08:02:27','2025-12-19 08:02:27','Active','SYSTEM','SYSTEM'),('CUS123A9D270334','3558762009794865','dr. Bahuraksa Wulandari, S.IP','1979-03-24','P','Widowed','085331233949','baguswulandari@example.org','Jl. Monginsidi No. 9\nSungai Penuh, JA 25641','Yogyakarta','DI Yogyakarta','55281','Karyawan Swasta','UD Simanjuntak',8867466.00,'Contract',12,'S2','Cinthia Samosir','085717457986','Teman',772,'Bronze','2023-06-13 08:02:27','2025-12-19 08:02:27','Active','SYSTEM','SYSTEM'),('CUS13A1C128FA51','3247360107926325','Dr. Cakrawangsa Rahmawati, M.Pd','1978-04-27','P','Married','081317017778','lintang27@example.com','Jalan Sukajadi No. 89\nLubuklinggau, SU 05564','Tangerang','Banten','15810','PNS','PD Pratiwi Oktaviani',14611417.00,'Freelance',26,'S2','Kairav Kusumo','082232505055','Ibu',834,'Silver','2023-10-30 08:02:26','2025-12-19 08:02:26','Active','SYSTEM','SYSTEM'),('CUS16FCE5F3C71B','3333592008926206','Rini Fujiati','1985-06-06','P','Married','081255981055','bakdamarbun@example.com','Gg. R.E Martadinata No. 26\nBalikpapan, Bengkulu 71620','Jakarta Selatan','DKI Jakarta','12190','Consultant','CV Wastuti (Persero) Tbk',29970394.00,'Self-Employed',5,'SMA','Sarah Halim','082124120699','Suami',920,'Gold','2024-08-26 08:02:26','2025-12-19 08:02:26','Active','SYSTEM','SYSTEM'),('CUS1887A02277D1','3134070102895572','Dr. Maria Rajasa, M.Kom.','1985-06-10','L','Married','081340441697','ediirawan@example.net','Gang Sukajadi No. 049\nKota Administrasi Jakarta Pusat, AC 66620','Jakarta Selatan','DKI Jakarta','12190','Consultant','UD Nasyiah',8082629.00,'Freelance',6,'SMA','Nurul Halimah','089556708288','Saudara',720,'Bronze','2024-08-13 08:02:27','2025-12-19 08:02:27','Active','SYSTEM','SYSTEM'),('CUS188DDCAA1454','3389080102941097','R.A. Salwa Zulaika, S.Pd','2000-05-12','P','Married','082255893806','queenhartati@example.org','Gg. Kutai No. 396\nDumai, KI 89063','Depok','Jawa Barat','16412','Wiraswasta',NULL,6944901.00,'Freelance',4,'S1','Dinda Pratama','085265208600','Ayah',650,'Bronze','2024-12-15 08:02:27','2025-12-19 08:02:27','Active','SYSTEM','SYSTEM'),('CUS1A9278AB91BA','3692081509738907','Ghani Novitasari','1984-09-30','L','Divorced','089611596774','prayogakasiran@example.org','Gg. Pelajar Pejuang No. 9\nBanjar, LA 41773','Yogyakarta','DI Yogyakarta','55281','Sales','UD Hidayanto Saptono',6798234.00,'Contract',20,'S2','Prakosa Salahudin','082177995630','Ayah',742,'Bronze','2024-08-02 08:02:27','2025-12-19 08:02:27','Active','SYSTEM','SYSTEM'),('CUS20C4CC6B4E86','3320910405926796','KH. Cahyadi Narpati, M.Ak','1995-12-10','L','Married','085317840602','budimanyosef@example.net','Jalan Ahmad Yani No. 704\nMeulaboh, BT 95149','Surabaya','Jawa Timur','60271','Consultant','CV Nurdiyanti',28069505.00,'Self-Employed',9,'S2','Bakiman Prasetyo','085746572364','Istri',930,'Gold','2023-11-30 08:02:27','2025-12-19 08:02:27','Active','SYSTEM','SYSTEM'),('CUS23E2ED29779F','3180681203765998','Puti Elisa Nasyidah','1968-10-16','L','Married','081381801312','pranata10@example.net','Gg. Rumah Sakit No. 90\nTarakan, Sulawesi Tengah 22985','Yogyakarta','DI Yogyakarta','55281','Manager','UD Wasita Firgantoro Tbk',18860496.00,'Self-Employed',1,'S2','Ulya Yulianti','082255829245','Saudara',790,'Silver','2024-11-11 08:02:27','2025-12-19 08:02:27','Active','SYSTEM','SYSTEM'),('CUS243477FCC85D','3163882407752892','Naradi Mardhiyah','1972-09-30','P','Single','085328233625','wgunarto@example.net','Gang Merdeka No. 5\nBukittinggi, Nusa Tenggara Timur 96258','Yogyakarta','DI Yogyakarta','55281','Sales','UD Sihotang',17567929.00,'Freelance',24,'S1','Safina Maryadi','085339747758','Ayah',870,'Silver','2025-05-17 08:02:27','2025-12-19 08:02:27','Active','SYSTEM','SYSTEM'),('CUS2622CC4D4FA7','3617510106911145','Amalia Zulaika','1965-01-08','P','Married','081358486341','sabri47@example.org','Jl. Antapani Lama No. 5\nCilegon, KB 68179','Bandung','Jawa Barat','40124','Dokter','UD Wibowo',41909230.00,'Contract',15,'D3','Carla Pratiwi, M.Farm','089615348637','Saudara',1000,'Premium','2025-09-28 08:02:27','2025-12-19 08:02:27','Active','SYSTEM','SYSTEM'),('CUS2641E9D1D23C','3567340307751774','H. Estiawan Yuliarti, M.TI.','1998-08-14','P','Divorced','089530311067','jayadilaksmiwati@example.org','Gg. Indragiri No. 694\nBau-Bau, BA 06652','Semarang','Jawa Tengah','50241','Dokter','PT Anggriawan',34468008.00,'Self-Employed',6,'D3','Maryanto Suryono','081358626603','Ayah',914,'Premium','2025-07-15 08:02:27','2025-12-19 08:02:27','Active','SYSTEM','SYSTEM'),('CUS2645FF1C43FB','3589531911802226','Aurora Suryono','1987-03-02','L','Widowed','085298238425','mansurpangestu@example.org','Jalan PHH. Mustofa No. 6\nDumai, SG 70900','Depok','Jawa Barat','16412','Engineer','UD Nugroho',29609495.00,'Permanent',14,'S2','Prima Sihotang','082165381555','Suami',966,'Gold','2025-08-19 08:02:27','2025-12-19 08:02:27','Active','SYSTEM','SYSTEM'),('CUS29AC8B8E93B3','3102270806795681','Dt. Harjaya Nababan, S.Pt','1983-10-03','L','Single','085643534154','raihan73@example.net','Gg. M.T Haryono No. 1\nPontianak, Sumatera Utara 60821','Jakarta Selatan','DKI Jakarta','12190','Professional','PD Safitri Hassanah Tbk',28909413.00,'Self-Employed',5,'S1','Zulfa Tarihoran, S.IP','085691184445','Ibu',914,'Gold','2024-03-24 08:02:27','2025-12-19 08:02:27','Inactive','SYSTEM','SYSTEM'),('CUS2AF6E3652F81','3531380612938136','Paiman Sihombing, S.Ked','1996-06-01','P','Married','089586605636','jais14@example.net','Gg. Sentot Alibasa No. 3\nPematangsiantar, KU 70184','Depok','Jawa Barat','16412','Consultant','CV Dabukke Tbk',28795774.00,'Contract',8,'S2','Drs. Mustika Maryati, M.Pd','085228257922','Ibu',918,'Gold','2025-09-15 08:02:27','2025-12-19 08:02:27','Active','SYSTEM','SYSTEM'),('CUS2B2A48E98403','3635720505819680','Jamalia Fujiati','1972-09-10','P','Divorced','082257589108','gnovitasari@example.org','Jl. Otto Iskandardinata No. 259\nDepok, BA 68235','Tangerang','Banten','15810','Karyawan Swasta','UD Anggraini (Persero) Tbk',19388417.00,'Freelance',17,'S1','Sutan Wadi Hastuti, S.Ked','085371289059','Ayah',890,'Silver','2024-01-29 08:02:27','2025-12-19 08:02:27','Active','SYSTEM','SYSTEM'),('CUS335A05E79000','3533943104862855','Maryadi Dabukke','1984-01-27','P','Divorced','082194616928','kuncara51@example.com','Gang Cihampelas No. 10\nLubuklinggau, Sumatera Utara 34356','Tangerang','Banten','15810','Guru','PD Aryani (Persero) Tbk',13787248.00,'Freelance',20,'S1','Wawan Thamrin','085360487790','Istri',812,'Silver','2023-07-23 08:02:27','2025-12-19 08:02:27','Active','SYSTEM','SYSTEM'),('CUS335EB6D6803D','3282980801793394','Laras Mandala, M.Kom.','1971-05-21','L','Divorced','089682182533','budi88@example.net','Gg. Pasirkoja No. 0\nTarakan, Kepulauan Riau 92991','Yogyakarta','DI Yogyakarta','55281','Manager','Perum Sitorus Hutagalung (Persero) Tbk',48116763.00,'Self-Employed',24,'D3','Aurora Prabowo','085711114010','Suami',1000,'Premium','2024-06-23 08:02:27','2025-12-19 08:02:27','Active','SYSTEM','SYSTEM'),('CUS35021088989F','3355432601924275','Yuni Mardhiyah, S.Psi','1987-02-16','L','Widowed','085614673825','suci18@example.net','Gg. Raya Setiabudhi No. 070\nTasikmalaya, SU 74824','Bekasi','Jawa Barat','17530','Guru','PT Mardhiyah (Persero) Tbk',8315678.00,'Freelance',2,'SMA','Gantar Novitasari','082234876764','Suami',676,'Bronze','2025-07-23 08:02:27','2025-12-19 08:02:27','Active','SYSTEM','SYSTEM'),('CUS3938ABA1B133','3601532106739428','Salwa Astuti','1988-01-06','P','Single','089558308230','jgunawan@example.org','Gang Sadang Serang No. 8\nTanjungbalai, Kepulauan Bangka Belitung 12470','Semarang','Jawa Tengah','50241','Guru','Perum Pangestu',12954670.00,'Permanent',8,'SMA','Tgk. Citra Laksita, S.Psi','085682269600','Saudara',774,'Silver','2025-03-21 08:02:27','2025-12-19 08:02:27','Inactive','SYSTEM','SYSTEM'),('CUS3AC9C3C6E8E9','3248091606974354','drg. Purwadi Safitri','1997-05-25','L','Single','082218272719','permatacahyo@example.net','Gang BKR No. 2\nSolok, ST 77223','Tangerang','Banten','15810','Consultant','UD Kusumo Tbk',11188753.00,'Permanent',7,'S2','Puti Ami Sitompul, M.M.','085620792420','Suami',736,'Silver','2024-05-24 08:02:27','2025-12-19 08:02:27','Active','SYSTEM','SYSTEM'),('CUS3C5B1EAFE2B3','3257370102996393','Patricia Hidayanto, S.Ked','1991-10-15','L','Married','089535373867','gangsarsihombing@example.net','Gg. Dipenogoro No. 00\nLangsa, Riau 01007','Depok','Jawa Barat','16412','Dokter','UD Ramadan (Persero) Tbk',49657192.00,'Self-Employed',2,'S1','Simon Sihombing','085721417962','Saudara',888,'Premium','2024-04-29 08:02:27','2025-12-19 08:02:27','Active','SYSTEM','SYSTEM'),('CUS3D054B046BEC','3636460411861661','Aditya Maryadi','1973-11-22','L','Widowed','089668568293','mulyaniatma@example.com','Jl. Dipenogoro No. 29\nKota Administrasi Jakarta Selatan, NT 40118','Depok','Jawa Barat','16412','PNS','Perum Mayasari Wahyuni',7284513.00,'Contract',24,'S2','Paramita Budiman','081230749860','Saudara',770,'Bronze','2024-10-26 08:02:26','2025-12-19 08:02:26','Active','SYSTEM','SYSTEM'),('CUS3EC048C340B3','3129722501878813','Liman Mayasari','1998-11-10','P','Divorced','082125633274','tmayasari@example.com','Jalan Suniaraja No. 9\nDenpasar, Jawa Tengah 11071','Surabaya','Jawa Timur','60271','PNS','UD Wijayanti',10286948.00,'Freelance',6,'S1','Asmianto Halim','085764102717','Istri',714,'Silver','2025-02-22 08:02:27','2025-12-19 08:02:27','Active','SYSTEM','SYSTEM'),('CUS45D174FFC7A8','3277140911834280','Jatmiko Kusumo, M.M.','1995-09-02','L','Married','085733018147','natsiropung@example.net','Gang HOS. Cokroaminoto No. 446\nBinjai, BA 07497','Bandung','Jawa Barat','40124','Wiraswasta',NULL,5018595.00,'Contract',9,'D3','Uli Prasasta','081269397495','Ibu',700,'Bronze','2023-06-29 08:02:27','2025-12-19 08:02:27','Active','SYSTEM','SYSTEM'),('CUS49BEBA84F5E7','3207582501878012','Kawaya Melani','2000-10-05','P','Married','085399310863','rajatasabar@example.org','Jl. Soekarno Hatta No. 0\nTidore Kepulauan, ST 64794','Bekasi','Jawa Barat','17530','Consultant','PD Kuswandari (Persero) Tbk',25558152.00,'Contract',4,'D3','Melinda Dabukke','089678554843','Suami',840,'Gold','2025-01-13 08:02:26','2025-12-19 08:02:26','Active','SYSTEM','SYSTEM'),('CUS4B6C98A089C9','3616450112807869','Uli Mardhiyah','1968-04-12','L','Single','085222930766','agus01@example.net','Jalan Otto Iskandardinata No. 764\nPurwokerto, Kalimantan Barat 31430','Depok','Jawa Barat','16412','Sales','Perum Wahyudin Kuswoyo Tbk',11377933.00,'Permanent',27,'SMA','Najwa Padmasari','089631755768','Ayah',810,'Silver','2025-02-21 08:02:27','2025-12-19 08:02:27','Active','SYSTEM','SYSTEM'),('CUS4C9A7079338C','3519990507861493','Drs. Martani Habibi, S.Pd','1967-06-11','L','Married','085623520110','jane23@example.com','Gang Kebonjati No. 8\nPagaralam, BT 80246','Semarang','Jawa Tengah','50241','Manager','UD Saragih (Persero) Tbk',26836716.00,'Permanent',16,'S1','Lala Pranowo','081254590177','Teman',960,'Gold','2025-05-07 08:02:27','2025-12-19 08:02:27','Active','SYSTEM','SYSTEM'),('CUS4D45D7C6F032','3631040507924209','Hj. Humaira Megantara, S.Sos','1995-09-12','P','Married','082148244716','leosinaga@example.net','Gg. Pacuan Kuda No. 9\nBandar Lampung, NT 72959','Jakarta Selatan','DKI Jakarta','12190','Engineer','Perum Mustofa Tbk',30677214.00,'Freelance',9,'S1','Talia Anggriawan','085636629765','Ayah',950,'Premium','2024-11-09 08:02:27','2025-12-19 08:02:27','Active','SYSTEM','SYSTEM'),('CUS5259A9237842','3578432202931578','Kayla Sihombing','1993-06-05','L','Married','081363144274','egawasita@example.net','Jalan Pasirkoja No. 3\nBanjarbaru, AC 75301','Semarang','Jawa Tengah','50241','Manager','PD Puspasari Prastuti',15657955.00,'Freelance',11,'SMA','Tiara Kuswandari','085728256914','Suami',814,'Silver','2023-11-07 08:02:27','2025-12-19 08:02:27','Active','SYSTEM','SYSTEM'),('CUS549D65123F79','3353010805718147','Kawaya Susanti, S.T.','1966-11-07','L','Married','085794310368','marsito56@example.org','Gang Moch. Toha No. 12\nTangerang, Bengkulu 28343','Bandung','Jawa Barat','40124','Professional','UD Hardiansyah (Persero) Tbk',10206876.00,'Self-Employed',23,'D3','Dinda Pradipta, S.Gz','085725325972','Teman',800,'Silver','2023-11-25 08:02:27','2025-12-19 08:02:27','Active','SYSTEM','SYSTEM'),('CUS58543823277F','3632450710911690','Calista Saefullah','1986-03-04','L','Single','082276760059','asantoso@example.com','Gang Pasteur No. 4\nPangkalpinang, Kalimantan Utara 23970','Jakarta Selatan','DKI Jakarta','12190','Sales','PD Mahendra Usada',19115624.00,'Permanent',14,'S1','KH. Setya Mangunsong','082257193527','Teman',868,'Silver','2024-05-16 08:02:27','2025-12-19 08:02:27','Active','SYSTEM','SYSTEM'),('CUS5BF705CA22D5','3227592401875850','Karsa Pangestu','1969-12-01','P','Single','081286241112','jailanireksa@example.net','Jl. Pasteur No. 02\nCimahi, PB 13603','Tangerang','Banten','15810','Engineer','PD Mardhiyah Sitompul Tbk',30798440.00,'Contract',29,'S1','Humaira Wasita','085661142478','Istri',1000,'Premium','2025-11-18 08:02:27','2025-12-19 08:02:27','Active','SYSTEM','SYSTEM'),('CUS5DA8FB635C38','3260872508889190','Aisyah Melani','1975-06-26','L','Single','082222787459','aadriansyah@example.net','Jalan Suryakencana No. 19\nTernate, Papua Barat 89503','Jakarta Selatan','DKI Jakarta','12190','Manager','PD Pratama',17133182.00,'Freelance',25,'S1','Wani Puspita, S.E.','085214767743','Ayah',870,'Silver','2023-03-26 08:02:26','2025-12-19 08:02:26','Active','SYSTEM','SYSTEM'),('CUS5E2D0BC1C414','3533091709748702','Yulia Suwarno','1968-05-16','P','Married','089594774730','lkurniawan@example.com','Gang Rawamangun No. 252\nSerang, GO 31430','Surabaya','Jawa Timur','60271','Professional','PT Prabowo Prasasta',21373095.00,'Freelance',15,'S1','Zizi Nashiruddin, M.Farm','089572421829','Istri',910,'Gold','2025-12-10 08:02:27','2025-12-19 08:02:27','Inactive','SYSTEM','SYSTEM'),('CUS5ED8A4D258EF','3298291407766972','Drs. Jabal Setiawan','1996-09-13','L','Married','085335076855','banawisitompul@example.com','Jalan Monginsidi No. 5\nBanjarbaru, Papua Barat 55295','Depok','Jawa Barat','16412','PNS','UD Ardianto (Persero) Tbk',6848326.00,'Self-Employed',8,'SMA','Eka Nuraini','081382559532','Ayah',698,'Bronze','2024-11-25 08:02:27','2025-12-19 08:02:27','Active','SYSTEM','SYSTEM'),('CUS5F8800F1022B','3635523108939698','Indra Marbun','1983-01-30','L','Single','089554349940','suartinibetania@example.org','Jalan Merdeka No. 632\nBatam, RI 95494','Bekasi','Jawa Barat','17530','Professional','PT Sihombing Tbk',7122945.00,'Contract',17,'S2','Reksa Santoso','085620215558','Saudara',754,'Bronze','2024-10-12 08:02:27','2025-12-19 08:02:27','Active','SYSTEM','SYSTEM'),('CUS61E9F4C4401F','3156992707780254','Irma Manullang','1987-12-09','L','Married','081359315927','maya23@example.org','Jalan Pacuan Kuda No. 92\nBanjarmasin, ST 18077','Jakarta Selatan','DKI Jakarta','12190','Consultant','CV Sihombing',13732493.00,'Freelance',17,'SMA','R.A. Salimah Nasyiah','085277698760','Suami',806,'Silver','2024-05-23 08:02:27','2025-12-19 08:02:27','Active','SYSTEM','SYSTEM'),('CUS636B863EF85C','3186041505789202','Gambira Firgantoro','1971-12-26','L','Married','085249304061','farah14@example.com','Gg. Monginsidi No. 047\nPrabumulih, BE 76536','Surabaya','Jawa Timur','60271','Professional','PD Saputra Rahayu',29032479.00,'Contract',10,'SMA','Satya Kuswandari','082130430474','Saudara',990,'Gold','2023-04-12 08:02:27','2025-12-19 08:02:27','Active','SYSTEM','SYSTEM'),('CUS651FC39F048D','3216170901977620','Cengkal Yolanda','1978-09-18','L','Married','089521862161','utamatimbul@example.org','Jalan M.T Haryono No. 62\nBau-Bau, JI 79705','Bandung','Jawa Barat','40124','Professional','UD Siregar Zulkarnain Tbk',19623862.00,'Self-Employed',3,'SMA','Siska Sinaga','085346712519','Ayah',814,'Silver','2025-09-18 08:02:27','2025-12-19 08:02:27','Active','SYSTEM','SYSTEM'),('CUS66517485D27D','3248142308731095','Hamzah Mulyani','1993-07-21','P','Divorced','085389194681','clarakuswandari@example.org','Gg. Ciumbuleuit No. 13\nBengkulu, Nusa Tenggara Timur 93909','Jakarta Selatan','DKI Jakarta','12190','Guru','Perum Sihombing Hutagalung',9489752.00,'Permanent',6,'S2','KH. Kuncara Tampubolon','081353036359','Istri',714,'Bronze','2024-06-02 08:02:27','2025-12-19 08:02:27','Active','SYSTEM','SYSTEM'),('CUS6A0221084080','3288440210994326','Siska Lazuardi','1965-09-17','L','Married','082214979504','srajata@example.org','Gg. Ir. H. Djuanda No. 31\nSurabaya, Riau 35640','Surabaya','Jawa Timur','60271','Professional','Perum Astuti Tbk',20065824.00,'Contract',9,'S2','Nova Jailani','089665587384','Saudara',890,'Gold','2023-03-01 08:02:27','2025-12-19 08:02:27','Active','SYSTEM','SYSTEM'),('CUS6B2A4B081A6D','3521801601735762','Bakiman Dongoran, S.Ked','1996-03-09','L','Married','085789205821','tjanuar@example.com','Jalan Cihampelas No. 72\nKota Administrasi Jakarta Barat, Sulawesi Barat 65360','Jakarta Selatan','DKI Jakarta','12190','PNS','UD Lazuardi Kuswandari Tbk',9547275.00,'Freelance',8,'S2','Lulut Saputra','081330879280','Istri',728,'Bronze','2024-01-07 08:02:27','2025-12-19 08:02:27','Active','SYSTEM','SYSTEM'),('CUS6E88A55FA437','3398360205881623','Dr. Paris Permata, S.Sos','1993-10-23','L','Divorced','089628509979','simanjuntakpaiman@example.org','Gang Ahmad Yani No. 2\nGorontalo, Nusa Tenggara Barat 41849','Jakarta Selatan','DKI Jakarta','12190','Consultant','Perum Tampubolon Tbk',22870568.00,'Permanent',11,'S2','Sutan Pranawa Marpaung','082186250743','Ibu',884,'Gold','2024-01-23 08:02:27','2025-12-19 08:02:27','Active','SYSTEM','SYSTEM'),('CUS714EF24D71A0','3640732910995896','Ozy Widodo','1980-04-09','L','Widowed','081267341257','irfan84@example.org','Jalan Asia Afrika No. 992\nJambi, Jawa Barat 84036','Jakarta Selatan','DKI Jakarta','12190','Sales','Perum Wacana Yuliarti Tbk',6612009.00,'Contract',7,'SMA','Drs. Indah Mardhiyah','081291332331','Teman',720,'Bronze','2025-06-21 08:02:27','2025-12-19 08:02:27','Active','SYSTEM','SYSTEM'),('CUS73E840F5AF3D','3637112510863331','Ir. Dariati Manullang','1969-04-06','P','Married','082151106531','pbudiman@example.org','Jl. Pasirkoja No. 3\nKota Administrasi Jakarta Utara, Kalimantan Timur 57683','Bekasi','Jawa Barat','17530','Guru','Perum Kurniawan Maryati (Persero) Tbk',12734043.00,'Contract',25,'S2','Dr. Viktor Zulaika','089537589765','Ayah',820,'Silver','2023-10-28 08:02:27','2025-12-19 08:02:27','Inactive','SYSTEM','SYSTEM'),('CUS751A3901FF5F','3516171407883918','Gasti Mahendra','1988-12-30','P','Married','089567585466','xzulaika@example.org','Gg. Dr. Djunjunan No. 018\nPangkalpinang, JT 99725','Bandung','Jawa Barat','40124','Guru','PD Suryatmi Tbk',9582294.00,'Freelance',15,'SMA','Dt. Harja Kuswoyo','085258415218','Ibu',762,'Bronze','2023-01-12 08:02:27','2025-12-19 08:02:27','Active','SYSTEM','SYSTEM'),('CUS798B19B0F316','3538591805802154','Uchita Anggriawan','1976-03-17','L','Married','081395050054','okto34@example.net','Jalan Bangka Raya No. 82\nManado, JK 98223','Bandung','Jawa Barat','40124','Consultant','CV Siregar',20008497.00,'Self-Employed',13,'S2','Aisyah Haryanti','081383754812','Ayah',898,'Gold','2023-07-13 08:02:26','2025-12-19 08:02:26','Active','SYSTEM','SYSTEM'),('CUS7A3CCF0BB56B','3379941007964242','Dt. Damar Pratiwi','1985-12-03','P','Divorced','089676518150','iyuliarti@example.com','Jl. Stasiun Wonokromo No. 3\nDenpasar, ST 26457','Tangerang','Banten','15810','Consultant','UD Iswahyudi Tbk',13472607.00,'Freelance',19,'SMA','Eli Ramadan','089596358247','Ayah',810,'Silver','2023-11-25 08:02:27','2025-12-19 08:02:27','Active','SYSTEM','SYSTEM'),('CUS803E844F301E','3512111008945311','Drs. Ika Hidayanto, M.TI.','1975-10-21','P','Single','085740850545','bhutagalung@example.com','Jl. Pasteur No. 8\nTasikmalaya, JA 71876','Semarang','Jawa Tengah','50241','Consultant','PD Pratiwi Maryati (Persero) Tbk',12026306.00,'Permanent',1,'S1','Dalima Jailani','081283273306','Teman',730,'Silver','2025-04-06 08:02:27','2025-12-19 08:02:27','Active','SYSTEM','SYSTEM'),('CUS83057E3B4EC7','3541561701800700','Paulin Hidayanto','2004-11-28','L','Single','085783118968','plaksmiwati@example.org','Jl. Pasteur No. 5\nTegal, RI 16163','Jakarta Selatan','DKI Jakarta','12190','Manager','PD Mangunsong',20641330.00,'Permanent',0,'SMA','Aditya Tamba, S.E.','082112850174','Ibu',742,'Gold','2023-05-22 08:02:27','2025-12-19 08:02:27','Active','SYSTEM','SYSTEM'),('CUS83595415FB85','3556451209738915','R. Yulia Halimah, S.Pd','1984-06-11','P','Divorced','082182158375','rahayu25@example.net','Gg. Ciumbuleuit No. 1\nBlitar, BE 81725','Bekasi','Jawa Barat','17530','Professional','CV Utami',29366207.00,'Self-Employed',19,'S2','Pranawa Simanjuntak, S.T.','085798621706','Teman',972,'Gold','2024-06-06 08:02:27','2025-12-19 08:02:27','Active','SYSTEM','SYSTEM'),('CUS836F456F4E93','3236830711743423','R.A. Raina Sihombing, S.E.I','1966-01-15','P','Widowed','081340839932','saadatpadmasari@example.net','Jalan Veteran No. 25\nPalopo, Sulawesi Selatan 43613','Bekasi','Jawa Barat','17530','Consultant','CV Namaga Padmasari (Persero) Tbk',19613929.00,'Self-Employed',28,'SMA','dr. Titi Saefullah','082246847241','Ayah',890,'Silver','2025-11-10 08:02:27','2025-12-19 08:02:27','Inactive','SYSTEM','SYSTEM'),('CUS83799585F33E','3388320102900179','Harjo Riyanti','1985-02-19','L','Married','081328785979','abyasamaheswara@example.org','Jl. Pelajar Pejuang No. 20\nMedan, Kalimantan Timur 46283','Bandung','Jawa Barat','40124','Manager','PD Sitompul',19848305.00,'Self-Employed',19,'S1','Hj. Ratna Mahendra','089532351712','Suami',870,'Silver','2025-08-23 08:02:27','2025-12-19 08:02:27','Inactive','SYSTEM','SYSTEM'),('CUS848597DB8F38','3230083001710364','Malika Prasasta','1981-03-07','P','Married','082232232018','zutama@example.net','Jalan Antapani Lama No. 14\nPekanbaru, KR 86741','Bekasi','Jawa Barat','17530','Sales','UD Rajasa Wasita (Persero) Tbk',9394818.00,'Self-Employed',5,'D3','Dr. Karta Sinaga','085723056521','Saudara',728,'Bronze','2023-02-26 08:02:27','2025-12-19 08:02:27','Active','SYSTEM','SYSTEM'),('CUS91AA884F931F','3662110512813411','Dr. Tari Mandala','1988-06-30','P','Married','085369863457','prastutilantar@example.com','Gg. Pelajar Pejuang No. 034\nTanjungpinang, Lampung 66348','Bekasi','Jawa Barat','17530','Karyawan Swasta','Perum Palastri Wasita (Persero) Tbk',17143358.00,'Freelance',16,'S1','Fathonah Hutagalung','089588258565','Suami',844,'Silver','2024-09-18 08:02:27','2025-12-19 08:02:27','Active','SYSTEM','SYSTEM'),('CUS9A75BAE333F7','3255162504884459','Gangsar Mansur','1975-05-06','L','Married','085289904873','wastutiqueen@example.org','Gg. Rajiman No. 453\nTebingtinggi, Maluku Utara 19450','Bandung','Jawa Barat','40124','PNS','CV Marpaung Hutapea (Persero) Tbk',13909823.00,'Permanent',8,'D3','Tgk. Gina Sitorus, S.Farm','081296138681','Saudara',810,'Silver','2024-06-04 08:02:26','2025-12-19 08:02:26','Active','SYSTEM','SYSTEM'),('CUS9EBB5C2EB2D6','3233172205833302','Faizah Handayani','1982-07-26','P','Married','089636556953','darunamanullang@example.net','Jl. H.J Maemunah No. 25\nPekalongan, Sulawesi Utara 44750','Bandung','Jawa Barat','40124','Karyawan Swasta','Perum Wahyuni (Persero) Tbk',11912770.00,'Contract',21,'D3','Karimah Sudiati, S.H.','082172100705','Ayah',796,'Silver','2024-05-24 08:02:27','2025-12-19 08:02:27','Active','SYSTEM','SYSTEM'),('CUSA12D4BF615E2','3671020505965842','Devi Kuswoyo','1978-04-03','P','Single','081387126580','bagashabibi@example.com','Gang Waringin No. 633\nTidore Kepulauan, Jawa Timur 98372','Depok','Jawa Barat','16412','Wiraswasta',NULL,28632471.00,'Contract',22,'D3','Kadir Permata','089648504749','Suami',974,'Gold','2024-07-05 08:02:26','2025-12-19 08:02:26','Active','SYSTEM','SYSTEM'),('CUSA210376FBD81','3224300309830550','Drs. Jessica Budiyanto','1968-08-04','L','Married','089550208554','rezanasyidah@example.net','Gang Tebet Barat Dalam No. 07\nBanjarbaru, Papua Barat 29113','Yogyakarta','DI Yogyakarta','55281','Engineer','PD Anggriawan Tbk',30268899.00,'Self-Employed',27,'S2','Dr. Tomi Wibisono, S.Pd','081379875242','Istri',1000,'Premium','2024-07-28 08:02:27','2025-12-19 08:02:27','Active','SYSTEM','SYSTEM'),('CUSA27BE4E87450','3272541909754383','Genta Pudjiastuti, M.Pd','1999-07-27','L','Married','085234287889','saragihdarmana@example.com','Gang Veteran No. 188\nPadangpanjang, BA 46621','Bandung','Jawa Barat','40124','Guru','PT Nasyidah Tbk',6211737.00,'Contract',5,'SMA','dr. Elisa Adriansyah','089527934912','Istri',662,'Bronze','2024-07-17 08:02:27','2025-12-19 08:02:27','Inactive','SYSTEM','SYSTEM'),('CUSA701C65C5540','3306850701803590','Cindy Nugroho','2001-05-13','P','Married','082150163190','aisyahlaksmiwati@example.net','Gang Ronggowarsito No. 84\nTanjungbalai, Kalimantan Barat 11767','Depok','Jawa Barat','16412','Engineer','Perum Putra Aryani (Persero) Tbk',32125457.00,'Contract',3,'SMA','Prakosa Prasasta, S.I.Kom','081349053488','Saudara',878,'Premium','2024-03-18 08:02:27','2025-12-19 08:02:27','Active','SYSTEM','SYSTEM'),('CUSA71FD85AACEC','3173392501814838','KH. Halim Haryanto','1969-11-09','L','Married','081367248338','lagustina@example.org','Gang Jend. Sudirman No. 22\nPadang Sidempuan, Sumatera Selatan 51173','Jakarta Selatan','DKI Jakarta','12190','PNS','CV Nuraini Pradipta',7713603.00,'Self-Employed',27,'SMA','Qori Siregar','081264532141','Teman',770,'Bronze','2025-11-05 08:02:26','2025-12-19 08:02:26','Active','SYSTEM','SYSTEM'),('CUSAC775D6F05E1','3635952805713167','Febi Lailasari, S.Psi','1986-09-29','P','Single','082138429329','karsalestari@example.org','Jalan Moch. Toha No. 84\nKupang, MU 46590','Surabaya','Jawa Timur','60271','Engineer','Perum Pudjiastuti',18240198.00,'Contract',18,'S2','Yuni Sihotang','085617213005','Ibu',858,'Silver','2025-10-26 08:02:27','2025-12-19 08:02:27','Active','SYSTEM','SYSTEM'),('CUSACF91B313883','3619412106915286','Dartono Melani','1976-02-07','L','Married','085789803244','oni68@example.net','Jalan Sadang Serang No. 1\nTidore Kepulauan, RI 42520','Jakarta Selatan','DKI Jakarta','12190','Professional','UD Saptono',17404200.00,'Freelance',28,'D3','Indra Wijayanti','081382240969','Ibu',868,'Silver','2024-12-14 08:02:27','2025-12-19 08:02:27','Active','SYSTEM','SYSTEM'),('CUSAD68C3F33790','3139491408890256','Drs. Okto Wijaya','1997-05-31','L','Married','085731151238','prayoga19@example.com','Gang Otto Iskandardinata No. 2\nTernate, Aceh 31345','Semarang','Jawa Tengah','50241','Consultant','Perum Januar Wulandari (Persero) Tbk',15859567.00,'Contract',7,'S1','Vera Hartati, S.Ked','085289469539','Suami',776,'Silver','2025-06-10 08:02:27','2025-12-19 08:02:27','Active','SYSTEM','SYSTEM'),('CUSB32C0179D33D','3578930110710141','Halima Wacana','1975-10-24','P','Married','085619390413','ahutasoit@example.com','Gg. Rajawali Barat No. 91\nJambi, Papua Barat 92084','Depok','Jawa Barat','16412','Professional','PD Sitorus',19088759.00,'Contract',15,'D3','Siti Pangestu, S.Pd','085650117459','Suami',890,'Silver','2025-12-18 08:02:27','2025-12-19 08:02:27','Blacklisted','SYSTEM','SYSTEM'),('CUSB79EF84813A0','3390740502855915','Usyi Uwais','2002-05-06','P','Single','085361497245','rezahalimah@example.org','Jalan Veteran No. 12\nPrabumulih, BT 62513','Bekasi','Jawa Barat','17530','Consultant','PT Kuswoyo Sirait',29699802.00,'Contract',2,'D3','Rini Prayoga','085652195718','Ibu',856,'Gold','2024-01-22 08:02:27','2025-12-19 08:02:27','Active','SYSTEM','SYSTEM'),('CUSB99028A2BD49','3556510810979571','Hj. Halima Puspasari','1977-03-23','L','Married','081232208969','qprasasta@example.org','Jalan Erlangga No. 131\nBanda Aceh, JK 43101','Surabaya','Jawa Timur','60271','Manager','CV Zulaika',41667461.00,'Self-Employed',17,'SMA','drg. Ika Puspita, S.Farm','089620418912','Ayah',996,'Premium','2023-04-05 08:02:27','2025-12-19 08:02:27','Active','SYSTEM','SYSTEM'),('CUSBA8D397B25C6','3126690512858741','Puput Lailasari, S.Ked','1993-09-28','P','Single','081227442165','ivan04@example.org','Gg. Cikapayang No. 377\nKota Administrasi Jakarta Timur, Banten 18401','Yogyakarta','DI Yogyakarta','55281','Wiraswasta',NULL,29085098.00,'Self-Employed',11,'SMA','Laras Sitompul','081228836140','Teman',954,'Gold','2023-02-01 08:02:27','2025-12-19 08:02:27','Active','SYSTEM','SYSTEM'),('CUSC351AA8F8CDD','3180830101793278','Fitriani Kusmawati','1984-03-09','P','Single','082119311642','prayogadiah@example.net','Gg. Rawamangun No. 4\nSorong, Nusa Tenggara Barat 24621','Bekasi','Jawa Barat','17530','PNS','Perum Safitri',5998459.00,'Permanent',13,'S2','Dr. Maya Zulaika','085232314036','Ayah',732,'Bronze','2024-11-13 08:02:27','2025-12-19 08:02:27','Blacklisted','SYSTEM','SYSTEM'),('CUSC448023B6447','3391761312852935','Gawati Sihombing','1983-07-31','P','Married','089521552157','gentafarida@example.org','Jl. Jend. Sudirman No. 2\nBekasi, Sumatera Selatan 59510','Depok','Jawa Barat','16412','Professional','UD Wibowo',24627091.00,'Self-Employed',5,'S1','Irnanto Samosir','081315929906','Ayah',874,'Gold','2023-11-02 08:02:27','2025-12-19 08:02:27','Active','SYSTEM','SYSTEM'),('CUSC699E921FAB9','3690250103815780','Dirja Pertiwi','1991-05-18','L','Single','085238147515','restu96@example.net','Gg. Cikapayang No. 756\nDepok, BB 79449','Bekasi','Jawa Barat','17530','Manager','PT Utami (Persero) Tbk',28440595.00,'Self-Employed',13,'SMA','Gading Megantara','089673573764','Istri',948,'Gold','2024-09-09 08:02:27','2025-12-19 08:02:27','Inactive','SYSTEM','SYSTEM'),('CUSC74F7E80818A','3129911009909489','Galih Zulaika','1998-06-10','P','Divorced','082166134179','gawati99@example.net','Gg. Stasiun Wonokromo No. 8\nSawahlunto, Kalimantan Utara 72129','Depok','Jawa Barat','16412','Sales','UD Mansur Wahyudin',17786115.00,'Permanent',3,'S1','Bala Irawan','082168043704','Ibu',754,'Silver','2023-12-27 08:02:27','2025-12-19 08:02:27','Inactive','SYSTEM','SYSTEM'),('CUSC782F64628DA','3125821112804783','Harjasa Mardhiyah','1974-08-22','L','Married','082229145027','suryatmiajiono@example.com','Jalan Indragiri No. 257\nDepok, BT 27002','Surabaya','Jawa Timur','60271','Wiraswasta',NULL,18155488.00,'Contract',11,'D3','Tgk. Liman Sitompul, M.Ak','085617549040','Suami',880,'Silver','2024-01-03 08:02:27','2025-12-19 08:02:27','Active','SYSTEM','SYSTEM'),('CUSCC867D52846B','3639450510766889','Soleh Habibi','1998-10-12','P','Single','085327133405','marbunlukman@example.com','Jl. M.H Thamrin No. 095\nKendari, Jawa Timur 71959','Surabaya','Jawa Timur','60271','Engineer','PD Sudiati Rahmawati Tbk',21754478.00,'Self-Employed',6,'SMA','T. Baktianto Kuswandari, S.H.','085279270081','Teman',824,'Gold','2023-12-17 08:02:27','2025-12-19 08:02:27','Active','SYSTEM','SYSTEM'),('CUSCDCAEEA802AA','3214761902718196','Drs. Sakti Saragih, S.Kom','1975-05-12','L','Single','089529018149','pradiptanyoman@example.com','Gang Gardujati No. 6\nTarakan, SN 07399','Bekasi','Jawa Barat','17530','Dokter','PD Kurniawan Sitorus',32880992.00,'Permanent',18,'S1','Cindy Adriansyah','082143342658','Istri',1000,'Premium','2024-03-12 08:02:27','2025-12-19 08:02:27','Active','SYSTEM','SYSTEM'),('CUSCE099CC91E24','3185131602721829','Aslijan Kuswoyo','2003-09-04','L','Divorced','081351341825','uyainahcawisadi@example.org','Jl. H.J Maemunah No. 551\nBanda Aceh, Papua Barat 17348','Semarang','Jawa Tengah','50241','Engineer','CV Anggraini Maheswara (Persero) Tbk',16448942.00,'Self-Employed',1,'S1','drg. Yessi Handayani, M.Farm','085657392596','Suami',714,'Silver','2023-12-29 08:02:27','2025-12-19 08:02:27','Active','SYSTEM','SYSTEM'),('CUSCE3E7B153958','3687300307966864','Winda Saptono','1978-12-24','P','Married','082194774587','yuniarlala@example.com','Gg. Moch. Toha No. 870\nSibolga, DKI Jakarta 39428','Jakarta Selatan','DKI Jakarta','12190','PNS','PT Mangunsong Tbk',9490697.00,'Permanent',8,'S2','Tira Nuraini','081366239807','Ayah',764,'Bronze','2024-10-16 08:02:27','2025-12-19 08:02:27','Active','SYSTEM','SYSTEM'),('CUSCFB955705401','3295472805811581','Febi Handayani','1968-03-20','P','Married','089630058989','gaman22@example.com','Gg. Antapani Lama No. 2\nBima, Gorontalo 98746','Depok','Jawa Barat','16412','Manager','Perum Saragih Hastuti',32536820.00,'Freelance',23,'S1','Luluh Prasetyo','081375566067','Istri',1000,'Premium','2024-02-17 08:02:27','2025-12-19 08:02:27','Active','SYSTEM','SYSTEM'),('CUSD017F42CB0A4','3580052001916353','Dalimin Saefullah','1969-02-25','L','Married','085743525222','asmuni45@example.net','Gang Antapani Lama No. 1\nPontianak, Gorontalo 41561','Bandung','Jawa Barat','40124','Manager','PD Hidayat Tbk',40018584.00,'Freelance',17,'D3','H. Parman Adriansyah','085785568574','Teman',1000,'Premium','2025-01-20 08:02:27','2025-12-19 08:02:27','Active','SYSTEM','SYSTEM'),('CUSD2C6363F7D05','3272800809860563','Atmaja Winarno','1965-07-13','L','Widowed','085388839355','nasrullah23@example.net','Gang Rajiman No. 70\nProbolinggo, Kepulauan Riau 43573','Yogyakarta','DI Yogyakarta','55281','Manager','PT Maryadi Sitorus (Persero) Tbk',31254431.00,'Freelance',13,'S1','R.A. Zulfa Yuniar, S.Kom','082119607262','Istri',1000,'Premium','2025-06-10 08:02:27','2025-12-19 08:02:27','Active','SYSTEM','SYSTEM'),('CUSD4E967D31F7D','3238351906937132','Ir. Darmaji Manullang, S.Psi','1983-02-12','P','Single','085366880748','simbolonnajib@example.net','Jl. PHH. Mustofa No. 9\nKota Administrasi Jakarta Utara, Sulawesi Barat 99407','Yogyakarta','DI Yogyakarta','55281','Guru','PT Hidayat Tbk',5176897.00,'Freelance',9,'SMA','Lembah Hastuti','089579631482','Teman',724,'Bronze','2024-09-26 08:02:27','2025-12-19 08:02:27','Active','SYSTEM','SYSTEM'),('CUSD6F2FE234C2A','3161411805755973','H. Dariati Wastuti, S.Ked','1975-05-23','P','Single','089570957276','banara05@example.org','Jalan Waringin No. 26\nMakassar, Kepulauan Bangka Belitung 23247','Jakarta Selatan','DKI Jakarta','12190','Guru','PT Saptono (Persero) Tbk',6796049.00,'Freelance',28,'S2','Sutan Lukita Usamah, S.T.','089543321642','Teman',760,'Bronze','2024-10-27 08:02:27','2025-12-19 08:02:27','Active','SYSTEM','SYSTEM'),('CUSDB66C9105C3E','3164141102915420','Jumari Maryati','1978-09-18','P','Married','081293938243','uwasita@example.net','Gg. S. Parman No. 0\nMedan, SB 60932','Depok','Jawa Barat','16412','Karyawan Swasta','Perum Kusumo Napitupulu',5123273.00,'Permanent',19,'D3','Indah Mustofa','089597322807','Ibu',744,'Bronze','2025-10-17 08:02:27','2025-12-19 08:02:27','Active','SYSTEM','SYSTEM'),('CUSDEE78C719F3A','3511031910899829','R.M. Kalim Mustofa','1983-09-24','P','Married','082169878236','cdongoran@example.org','Gg. Pasir Koja No. 08\nTasikmalaya, RI 61182','Bandung','Jawa Barat','40124','Professional','Perum Nashiruddin Hutagalung (Persero) Tbk',21300051.00,'Contract',21,'D3','R. Hendri Maryadi, S.Gz','089687764200','Istri',894,'Gold','2024-02-28 08:02:27','2025-12-19 08:02:27','Active','SYSTEM','SYSTEM'),('CUSE19475AD530E','3187701111823018','Ulya Januar, M.TI.','1976-05-19','P','Single','089523703610','irnanto51@example.org','Gg. Setiabudhi No. 79\nKupang, PA 13245','Depok','Jawa Barat','16412','Engineer','CV Wastuti',40517567.00,'Self-Employed',10,'S1','Estiono Purwanti','085716222072','Ayah',998,'Premium','2025-12-17 08:02:27','2025-12-19 08:02:27','Active','SYSTEM','SYSTEM'),('CUSEA4973607862','3198381109746276','Drs. Ciaobella Widiastuti, M.M.','1977-04-25','L','Single','085688277966','lulutnarpati@example.net','Jalan M.H Thamrin No. 974\nBatam, LA 30861','Surabaya','Jawa Timur','60271','Wiraswasta',NULL,21970322.00,'Contract',15,'S1','Bagya Permata','085364273342','Istri',906,'Gold','2024-11-15 08:02:27','2025-12-19 08:02:27','Active','SYSTEM','SYSTEM'),('CUSEBADEA464423','3357830705871516','Zulfa Rajasa','1975-03-02','L','Married','089568271211','jasmaninamaga@example.com','Gg. Bangka Raya No. 3\nProbolinggo, ST 64803','Surabaya','Jawa Timur','60271','Professional','PT Hartati',18523288.00,'Self-Employed',12,'D3','Tami Wahyuni','081314092182','Istri',880,'Silver','2025-03-12 08:02:27','2025-12-19 08:02:27','Active','SYSTEM','SYSTEM'),('CUSECB23B7ED9A7','3165481407816556','Dartono Padmasari','1972-12-07','L','Married','081373833654','tirtanugroho@example.org','Gg. M.T Haryono No. 5\nMadiun, BA 22115','Tangerang','Banten','15810','PNS','Perum Sitorus Yolanda Tbk',13532814.00,'Permanent',24,'D3','Harsana Irawan','085714957703','Saudara',830,'Silver','2023-12-07 08:02:27','2025-12-19 08:02:27','Active','SYSTEM','SYSTEM'),('CUSED50FD0DC636','3604361904876872','Uli Budiyanto, S.Farm','2000-08-24','P','Single','085799640008','lulut89@example.org','Gang Kutisari Selatan No. 22\nSalatiga, KR 71525','Yogyakarta','DI Yogyakarta','55281','Engineer','CV Santoso Mahendra (Persero) Tbk',43561909.00,'Freelance',4,'S2','dr. Victoria Halim','085635589536','Teman',890,'Premium','2023-04-27 08:02:27','2025-12-19 08:02:27','Active','SYSTEM','SYSTEM'),('CUSEF2754433D3C','3379720101879593','R.M. Ajimat Firgantoro, S.E.I','1970-03-08','P','Single','082293960511','langgraini@example.com','Jl. Rajiman No. 512\nBatu, Nusa Tenggara Timur 55343','Bandung','Jawa Barat','40124','Manager','PD Hidayanto Tbk',35966672.00,'Contract',14,'D3','Dwi Halimah','085719593042','Teman',1000,'Premium','2025-05-01 08:02:27','2025-12-19 08:02:27','Active','SYSTEM','SYSTEM'),('CUSF3029AF56817','3269961412865930','dr. Tira Waskita, S.Gz','1995-10-03','L','Single','089642290196','zulaikha66@example.net','Jl. KH Amin Jasuta No. 65\nDepok, Kalimantan Tengah 49041','Semarang','Jawa Tengah','50241','Sales','PT Nasyidah Wijaya (Persero) Tbk',17985362.00,'Permanent',9,'S2','Tgk. Ciaobella Hakim, M.M.','085636385719','Istri',820,'Silver','2025-11-09 08:02:27','2025-12-19 08:02:27','Active','SYSTEM','SYSTEM'),('CUSF481666477BF','3557890305944222','Hj. Hani Purwanti, S.I.Kom','1974-07-04','L','Widowed','085723553306','mursita73@example.org','Jl. Rawamangun No. 6\nParepare, JT 78829','Surabaya','Jawa Timur','60271','Manager','Perum Siregar (Persero) Tbk',15659543.00,'Self-Employed',29,'D3','R.M. Jail Saragih, S.H.','082148082032','Ibu',850,'Silver','2023-05-20 08:02:27','2025-12-19 08:02:27','Active','SYSTEM','SYSTEM'),('CUSF51CDCAE72A0','3385160606782775','Cawuk Ramadan','1968-10-22','P','Married','082159381239','maryatieja@example.com','Jl. Kebonjati No. 998\nPalembang, SS 27019','Tangerang','Banten','15810','Karyawan Swasta','CV Hardiansyah',18947558.00,'Permanent',7,'S1','Calista Wahyuni','082245921034','Istri',850,'Silver','2025-01-17 08:02:27','2025-12-19 08:02:27','Active','SYSTEM','SYSTEM'),('CUSF71B4C424B33','3102572106703984','Nabila Prasetya','1967-06-19','L','Single','089687668869','tampubolongantar@example.net','Jl. Jend. Sudirman No. 201\nBalikpapan, Bengkulu 18407','Yogyakarta','DI Yogyakarta','55281','Wiraswasta',NULL,27244312.00,'Contract',29,'S2','Ir. Genta Sirait','085332996547','Teman',970,'Gold','2025-04-21 08:02:27','2025-12-19 08:02:27','Active','SYSTEM','SYSTEM'),('CUSF8F12126CB34','3576052603906501','Nasab Salahudin','2002-12-01','P','Married','081367218309','anggabayausamah@example.net','Gang Rungkut Industri No. 631\nBatu, Kalimantan Barat 62497','Bekasi','Jawa Barat','17530','Guru','PT Marpaung Ramadan (Persero) Tbk',9019758.00,'Contract',2,'S2','Galih Natsir','081233318108','Saudara',656,'Bronze','2023-07-25 08:02:27','2025-12-19 08:02:27','Active','SYSTEM','SYSTEM');
/*!40000 ALTER TABLE `customers` ENABLE KEYS */;
UNLOCK TABLES;

--
-- Table structure for table `vehicle_ownership`
--

DROP TABLE IF EXISTS `vehicle_ownership`;
/*!40101 SET @saved_cs_client     = @@character_set_client */;
/*!50503 SET character_set_client = utf8mb4 */;
CREATE TABLE `vehicle_ownership` (
  `ownership_id` varchar(20) NOT NULL,
  `customer_id` varchar(20) NOT NULL,
  `vehicle_type` enum('Motor','Mobil','Truk','Bus') NOT NULL,
  `brand` varchar(50) NOT NULL,
  `model` varchar(50) NOT NULL,
  `year` int NOT NULL,
  `vehicle_price` decimal(15,2) NOT NULL,
  `purchase_date` date NOT NULL,
  `ownership_status` enum('Owned','Financed','Completed') NOT NULL,
  `registration_number` varchar(15) DEFAULT NULL,
  `chassis_number` varchar(30) DEFAULT NULL,
  `engine_number` varchar(30) DEFAULT NULL,
  `created_date` datetime NOT NULL,
  PRIMARY KEY (`ownership_id`),
  KEY `idx_vehicle_customer` (`customer_id`),
  CONSTRAINT `vehicle_ownership_ibfk_1` FOREIGN KEY (`customer_id`) REFERENCES `customers` (`customer_id`)
) ENGINE=InnoDB DEFAULT CHARSET=utf8mb4 COLLATE=utf8mb4_0900_ai_ci;
/*!40101 SET character_set_client = @saved_cs_client */;

--
-- Dumping data for table `vehicle_ownership`
--

LOCK TABLES `vehicle_ownership` WRITE;
/*!40000 ALTER TABLE `vehicle_ownership` DISABLE KEYS */;
INSERT INTO `vehicle_ownership` VALUES ('VEH071F059A9DF0','CUS636B863EF85C','Motor','Honda','Vario',2024,32759470.66,'2023-07-24','Financed','B 7044 WMI','MHIOYNU720608','YQ9913438','2025-12-19 08:02:27'),('VEH0CD82CCBFF23','CUS13A1C128FA51','Motor','Suzuki','GSX',2024,28315333.82,'2024-02-27','Financed','B 8839 ROU','MHFONAR547540','SO6121035','2025-12-19 08:02:27'),('VEH14ED8C1E44E3','CUSCFB955705401','Motor','Yamaha','NMAX',2019,25007802.88,'2025-03-23','Completed','B 9710 AKB','MHAHCXN417932','CO6567157','2025-12-19 08:02:27'),('VEH163E2FA697EE','CUS9EBB5C2EB2D6','Motor','Suzuki','Nex',2024,31760513.43,'2024-04-09','Financed','B 9626 STP','MHWQQQX327965','UY8055922','2025-12-19 08:02:27'),('VEH17705FB86006','CUS803E844F301E','Motor','Honda','PCX',2022,26572672.32,'2024-11-02','Financed','B 1828 EMX','MHVAJVJ711470','AK4627948','2025-12-19 08:02:27'),('VEH1918EE73F585','CUS2641E9D1D23C','Motor','Yamaha','R15',2020,40235942.68,'2024-08-11','Completed','B 8946 VAY','MHCWXLU407029','AF2401239','2025-12-19 08:02:27'),('VEH199E34D5DB6A','CUSDEE78C719F3A','Mobil','Toyota','Avanza',2018,237719717.84,'2023-06-03','Financed','B 1294 XLK','MHTEFNF950324','HL5046744','2025-12-19 08:02:27'),('VEH1C8A2F445D14','CUSDB66C9105C3E','Mobil','Daihatsu','Terios',2021,146234487.50,'2024-08-14','Financed','B 4291 RVT','MHAIUOX355203','SC3839469','2025-12-19 08:02:27'),('VEH203582320703','CUSCDCAEEA802AA','Motor','Suzuki','GSX',2021,17022452.59,'2023-03-16','Financed','B 3126 QKX','MHWHJKM638592','KK9544702','2025-12-19 08:02:27'),('VEH20D74A7CF387','CUS651FC39F048D','Motor','Suzuki','Nex',2023,17146446.83,'2025-03-30','Financed','B 9429 XLZ','MHWYYUH611897','DE3030541','2025-12-19 08:02:27'),('VEH294B1D5E9632','CUSF481666477BF','Motor','Honda','Beat',2021,21920440.72,'2024-08-20','Owned','B 8663 VXR','MHVSIXY360917','YK3315566','2025-12-19 08:02:27'),('VEH2A05E211BE36','CUSA210376FBD81','Motor','Suzuki','Nex',2020,15179216.69,'2024-02-21','Owned','B 7877 XKB','MHEKHCO350775','LE6110576','2025-12-19 08:02:27'),('VEH2A551095280C','CUS3C5B1EAFE2B3','Mobil','Mitsubishi','Xpander',2020,295701793.24,'2023-09-29','Completed','B 9654 PPI','MHCQAYR741994','VC1988546','2025-12-19 08:02:27'),('VEH3106B9F1146A','CUSECB23B7ED9A7','Motor','Honda','CBR150',2022,34369370.77,'2024-03-07','Owned','B 2595 BME','MHBAOYC553051','QE8012770','2025-12-19 08:02:27'),('VEH33024C496DA7','CUSC351AA8F8CDD','Motor','Suzuki','Nex',2020,33317113.58,'2023-02-17','Financed','B 8675 BQN','MHNNQEP318427','DD5575949','2025-12-19 08:02:27'),('VEH35626AFF43AC','CUSA27BE4E87450','Mobil','Daihatsu','Xenia',2023,257203588.45,'2025-07-14','Owned','B 4266 ZXC','MHNYWCZ470082','KG9165844','2025-12-19 08:02:27'),('VEH3DD668EDEDAD','CUS335A05E79000','Motor','Honda','Vario',2021,41733937.72,'2024-11-04','Owned','B 9407 VMU','MHFGTVM617578','JD8559745','2025-12-19 08:02:27'),('VEH4327500C65BB','CUSB79EF84813A0','Mobil','Daihatsu','Xenia',2024,312599669.71,'2025-04-15','Completed','B 2837 JJQ','MHVHHAH512841','CZ4942715','2025-12-19 08:02:27'),('VEH457BF0BD2FA6','CUS714EF24D71A0','Motor','Yamaha','Mio',2021,37358107.34,'2024-03-07','Financed','B 7731 BWD','MHAWBJD128560','UQ4771714','2025-12-19 08:02:27'),('VEH48BC49A3A8FD','CUS6A0221084080','Motor','Yamaha','R15',2024,24578030.78,'2025-05-23','Owned','B 5579 LLR','MHLZXTZ643030','VJ9870407','2025-12-19 08:02:27'),('VEH4C9557FF3B3E','CUS20C4CC6B4E86','Motor','Yamaha','NMAX',2021,19741933.01,'2024-11-11','Completed','B 9226 XKV','MHNXRTB614424','UL5326928','2025-12-19 08:02:27'),('VEH5414AC1B5187','CUS549D65123F79','Mobil','Honda','CR-V',2022,289067717.03,'2025-11-12','Financed','B 4047 MAN','MHILAEV587171','NE1116834','2025-12-19 08:02:27'),('VEH56A2AE294022','CUSEBADEA464423','Motor','Honda','CBR150',2019,21408612.07,'2024-06-28','Completed','B 8492 HHU','MHRSMFT678096','UF4741078','2025-12-19 08:02:27'),('VEH578313EF446F','CUS335EB6D6803D','Mobil','Mitsubishi','Pajero',2019,645732801.82,'2023-04-18','Owned','B 8772 GXH','MHLDSPA705539','UF3501268','2025-12-19 08:02:27'),('VEH5A836CD47FD1','CUS1A9278AB91BA','Mobil','Honda','Brio',2018,233446445.37,'2025-03-25','Financed','B 4190 OEA','MHXZZQG903184','YL3421050','2025-12-19 08:02:27'),('VEH5AC091FDAFF2','CUSF71B4C424B33','Motor','Suzuki','Address',2022,20210294.83,'2025-09-11','Completed','B 4685 HTD','MHXPLJZ909018','PT2883478','2025-12-19 08:02:27'),('VEH5C70E6EE4496','CUS123A9D270334','Mobil','Mitsubishi','Pajero',2021,555025392.93,'2025-01-25','Financed','B 1480 XSC','MHRXCYG711637','OD8966317','2025-12-19 08:02:27'),('VEH5DB2A26C6118','CUS4C9A7079338C','Mobil','Mitsubishi','Xpander',2021,601327923.72,'2024-12-09','Completed','B 2358 EHE','MHPLOMI978012','ZC8745635','2025-12-19 08:02:27'),('VEH5E8E1BD977E1','CUSA701C65C5540','Mobil','Daihatsu','Terios',2023,237978854.44,'2023-08-24','Financed','B 6380 LDS','MHOOERD555348','TG6637193','2025-12-19 08:02:27'),('VEH5F8378DB6CBB','CUSCFB955705401','Motor','Honda','CBR150',2022,48063817.57,'2024-10-23','Financed','B 9483 FYI','MHGMAXU962602','JB7661125','2025-12-19 08:02:27'),('VEH6595EBE0B9B0','CUS1A9278AB91BA','Motor','Yamaha','Aerox',2024,25681239.20,'2023-05-27','Financed','B 4639 VLA','MHVHJCL815674','WD4966907','2025-12-19 08:02:27'),('VEH6B9613734F39','CUS3D054B046BEC','Mobil','Toyota','Avanza',2021,616445244.36,'2024-09-27','Completed','B 5571 ERU','MHBCNLR396893','VX5994155','2025-12-19 08:02:27'),('VEH6C7DCB60B4CA','CUS9A75BAE333F7','Motor','Yamaha','Aerox',2020,42991188.40,'2025-04-25','Owned','B 1354 ZDR','MHVXMPH123639','OI3033336','2025-12-19 08:02:27'),('VEH742FFDF1FC80','CUS123A9D270334','Motor','Honda','CBR150',2021,15666104.89,'2023-06-01','Owned','B 3512 SMB','MHXRIDJ197150','BK8316696','2025-12-19 08:02:27'),('VEH7476FDA5C799','CUSD017F42CB0A4','Motor','Honda','Vario',2018,25581817.77,'2025-02-12','Financed','B 3080 HRH','MHKLSWY387484','BQ1726643','2025-12-19 08:02:27'),('VEH77742935027A','CUSCE099CC91E24','Motor','Yamaha','R15',2018,31992115.17,'2023-10-18','Financed','B 1559 LMF','MHKIJZU509676','RL2308515','2025-12-19 08:02:27'),('VEH7839CB2F5113','CUS3D054B046BEC','Motor','Honda','PCX',2022,38124235.30,'2024-10-10','Completed','B 1492 HWD','MHBYKJU856770','JM2997578','2025-12-19 08:02:27'),('VEH7BED5416728B','CUS243477FCC85D','Motor','Honda','Beat',2023,44439676.20,'2025-05-17','Owned','B 7569 LFE','MHGRMQE455122','EN8340260','2025-12-19 08:02:27'),('VEH7CADC61B8EB8','CUSF8F12126CB34','Mobil','Mitsubishi','Pajero',2024,366920463.66,'2025-03-31','Completed','B 5442 TJT','MHIHOJW204017','KV7522318','2025-12-19 08:02:27'),('VEH7CDB806D39CD','CUSAC775D6F05E1','Mobil','Daihatsu','Terios',2023,346781863.35,'2024-12-19','Financed','B 8298 WAT','MHBONFC352221','IY4455240','2025-12-19 08:02:27'),('VEH7D3CCF464014','CUSAD68C3F33790','Motor','Yamaha','NMAX',2020,20168240.41,'2023-11-24','Completed','B 4251 XIQ','MHABLUL708090','US8970438','2025-12-19 08:02:27'),('VEH80A6267DE413','CUS0CE8764484BD','Truk','Hino','Dutro',2022,478573180.59,'2025-05-10','Owned','B 9738 CUB','MHSBEKJ367204','MW5477771','2025-12-19 08:02:27'),('VEH84DD84255A88','CUS58543823277F','Mobil','Mitsubishi','Xpander',2023,408727283.98,'2023-09-11','Financed','B 4416 ZBE','MHRASEP635526','IQ6726107','2025-12-19 08:02:27'),('VEH89B77E2ADFF6','CUS6B2A4B081A6D','Motor','Honda','PCX',2021,28238415.11,'2025-03-20','Completed','B 3069 IOS','MHIYRUK223258','KO5190898','2025-12-19 08:02:27'),('VEH9674F98A4F37','CUS848597DB8F38','Mobil','Daihatsu','Ayla',2024,342228924.78,'2023-02-04','Owned','B 8094 FSA','MHAQFWL413724','GY8134327','2025-12-19 08:02:27'),('VEH96FCB4C65748','CUSAD68C3F33790','Mobil','Mitsubishi','Xpander',2022,617557816.81,'2023-06-14','Completed','B 1739 ZRS','MHDTCQC235873','TF4229416','2025-12-19 08:02:27'),('VEH9834532152EF','CUSF3029AF56817','Motor','Suzuki','Address',2022,17440332.39,'2024-05-21','Owned','B 1467 GMO','MHXRTOK688406','CV3235946','2025-12-19 08:02:27'),('VEH9C317E7497FC','CUS6E88A55FA437','Truk','Hino','Ranger',2019,645454369.75,'2023-10-18','Owned','B 8300 FPO','MHMZPHC970624','FI2553451','2025-12-19 08:02:27'),('VEHA3358EDB57FD','CUSB99028A2BD49','Motor','Honda','Vario',2020,25506340.21,'2024-10-15','Owned','B 7695 SCG','MHXGSDR933066','SF5325301','2025-12-19 08:02:27'),('VEHA3D151160B07','CUS1A9278AB91BA','Mobil','Honda','Jazz',2024,226834981.90,'2024-09-23','Financed','B 7674 WME','MHQABUP995404','MJ6092948','2025-12-19 08:02:27'),('VEHAF72AFC6DEC6','CUS073CD8DD1C87','Motor','Honda','PCX',2024,15211423.68,'2025-08-08','Owned','B 1066 NKV','MHQEANE996148','RN1104526','2025-12-19 08:02:27'),('VEHB86050AD74A4','CUSC782F64628DA','Motor','Suzuki','GSX',2021,26412695.38,'2023-06-04','Completed','B 6185 RQT','MHLALHK164302','MW2864463','2025-12-19 08:02:27'),('VEHBDA80CE04D19','CUS751A3901FF5F','Motor','Yamaha','Aerox',2019,37758972.91,'2024-02-20','Owned','B 4378 LIR','MHMCBIW900213','RR8463057','2025-12-19 08:02:27'),('VEHC41D0A5AB162','CUS83799585F33E','Motor','Suzuki','Address',2023,28144594.72,'2024-04-10','Completed','B 1597 LLY','MHZSVUS141366','RZ4482218','2025-12-19 08:02:27'),('VEHCF187D2383C2','CUSE19475AD530E','Truk','Hino','Dutro',2021,615252069.47,'2023-03-22','Completed','B 3372 XZA','MHLYTRG478780','OU4055664','2025-12-19 08:02:27'),('VEHD2BED2EA9A6C','CUSD6F2FE234C2A','Motor','Honda','Beat',2023,37524364.79,'2023-11-06','Financed','B 7226 SGL','MHNKDEY459944','UT3033712','2025-12-19 08:02:27'),('VEHD396011C72AD','CUSA71FD85AACEC','Motor','Yamaha','R15',2022,17327775.82,'2024-04-08','Financed','B 2364 VZE','MHORUCW549599','NC6196172','2025-12-19 08:02:27'),('VEHDBB760608127','CUSBA8D397B25C6','Motor','Honda','Vario',2023,36440321.19,'2025-09-16','Financed','B 3478 HXO','MHWCHST940382','FR4633708','2025-12-19 08:02:27'),('VEHDBDA54A3B763','CUS3AC9C3C6E8E9','Mobil','Daihatsu','Ayla',2021,228660706.99,'2024-09-21','Owned','B 7401 KZV','MHWNKXY832737','VL6297635','2025-12-19 08:02:27'),('VEHDD4EC0E9EE2B','CUS91AA884F931F','Mobil','Mitsubishi','Pajero',2018,655916146.17,'2024-04-03','Owned','B 1943 HXG','MHTIMWV466103','RH9066781','2025-12-19 08:02:27'),('VEHDF158A7F11F9','CUSF71B4C424B33','Motor','Honda','Beat',2019,46064725.89,'2025-06-09','Financed','B 6391 RAM','MHJILTY468813','LS7825098','2025-12-19 08:02:27'),('VEHE171800D462C','CUSED50FD0DC636','Motor','Honda','Beat',2022,44305904.18,'2024-06-21','Financed','B 2708 IPO','MHYTXAR267217','LY4348585','2025-12-19 08:02:27'),('VEHE61AA9F6B174','CUS5BF705CA22D5','Mobil','Toyota','Avanza',2021,291782499.49,'2023-04-29','Financed','B 5765 TDJ','MHKXYOX859692','EN1189449','2025-12-19 08:02:27'),('VEHECE158BC73B2','CUSD4E967D31F7D','Truk','Hino','Dutro',2022,430250912.53,'2025-10-19','Financed','B 9951 AJG','MHEJYYD255598','ZK2214270','2025-12-19 08:02:27'),('VEHEDBE6C50410D','CUS83057E3B4EC7','Motor','Yamaha','Mio',2023,39370038.31,'2024-01-09','Owned','B 6016 WRS','MHMBZNL991811','YK2097665','2025-12-19 08:02:27'),('VEHF4AD26F2DBF1','CUSAC775D6F05E1','Mobil','Daihatsu','Xenia',2019,244833682.05,'2024-01-13','Financed','B 8630 YHR','MHTSKBJ885547','VT2209796','2025-12-19 08:02:27'),('VEHF592369D148D','CUS45D174FFC7A8','Motor','Suzuki','GSX',2020,27434629.25,'2024-07-30','Financed','B 5751 EZC','MHLEBKS895270','CT5703186','2025-12-19 08:02:27'),('VEHFD46EECCCCD7','CUSF51CDCAE72A0','Motor','Suzuki','Nex',2022,17323295.35,'2023-07-03','Financed','B 7943 WYC','MHAZOAX922655','XA9814740','2025-12-19 08:02:27');
/*!40000 ALTER TABLE `vehicle_ownership` ENABLE KEYS */;
UNLOCK TABLES;
/*!40103 SET TIME_ZONE=@OLD_TIME_ZONE */;

/*!40101 SET SQL_MODE=@OLD_SQL_MODE */;
/*!40014 SET FOREIGN_KEY_CHECKS=@OLD_FOREIGN_KEY_CHECKS */;
/*!40014 SET UNIQUE_CHECKS=@OLD_UNIQUE_CHECKS */;
/*!40101 SET CHARACTER_SET_CLIENT=@OLD_CHARACTER_SET_CLIENT */;
/*!40101 SET CHARACTER_SET_RESULTS=@OLD_CHARACTER_SET_RESULTS */;
/*!40101 SET COLLATION_CONNECTION=@OLD_COLLATION_CONNECTION */;
/*!40111 SET SQL_NOTES=@OLD_SQL_NOTES */;

-- Dump completed on 2025-12-19  8:09:09
